Dataset	Entity	Level	Metric	Value
bc5cdr	Chemical	ltoken	mcc	0.9022058600530468
bc5cdr	Chemical	ltoken	mcc	0.887820869003657
bc5cdr	Chemical	ltoken	mcc	0.89822101009532
bc5cdr	Chemical	ltoken	mcc	0.9115533009251566
bc5cdr	Chemical	ltoken	mcc	0.9007930225294344
bc5cdr	Disease	ltoken	mcc	0.9022058600530468
bc5cdr	Disease	ltoken	mcc	0.887820869003657
bc5cdr	Disease	ltoken	mcc	0.89822101009532
bc5cdr	Disease	ltoken	mcc	0.9115533009251566
bc5cdr	Disease	ltoken	mcc	0.9007930225294344
bc5cdr	Chemical	ltoken	f1-score	0.9777777777777776
bc5cdr	Chemical	ltoken	f1-score	0.9721996423345798
bc5cdr	Chemical	ltoken	f1-score	0.9793348401679044
bc5cdr	Chemical	ltoken	f1-score	0.9827017459168076
bc5cdr	Chemical	ltoken	f1-score	0.9776843467011644
bc5cdr	Disease	ltoken	f1-score	0.9644194756554308
bc5cdr	Disease	ltoken	f1-score	0.9611853088480802
bc5cdr	Disease	ltoken	f1-score	0.9597659107534748
bc5cdr	Disease	ltoken	f1-score	0.9650582362728786
bc5cdr	Disease	ltoken	f1-score	0.9637726420986884
bc5cdr	Chemical	lword	mcc	0.880332661716148
bc5cdr	Chemical	lword	mcc	0.8622787985564025
bc5cdr	Chemical	lword	mcc	0.8863464844212641
bc5cdr	Chemical	lword	mcc	0.8887531771006293
bc5cdr	Chemical	lword	mcc	0.8764913159055644
bc5cdr	Disease	lword	mcc	0.880332661716148
bc5cdr	Disease	lword	mcc	0.8622787985564025
bc5cdr	Disease	lword	mcc	0.8863464844212641
bc5cdr	Disease	lword	mcc	0.8887531771006293
bc5cdr	Disease	lword	mcc	0.8764913159055644
bc5cdr	Chemical	lword	f1-score	0.970873786407767
bc5cdr	Chemical	lword	f1-score	0.961025898918783
bc5cdr	Chemical	lword	f1-score	0.972905791697738
bc5cdr	Chemical	lword	f1-score	0.9754525167369203
bc5cdr	Chemical	lword	f1-score	0.9685471792311532
bc5cdr	Disease	lword	f1-score	0.9577087794432548
bc5cdr	Disease	lword	f1-score	0.955472103004292
bc5cdr	Disease	lword	f1-score	0.9599358974358976
bc5cdr	Disease	lword	f1-score	0.9588235294117649
bc5cdr	Disease	lword	f1-score	0.9577087794432548
ncbi	CompositeMention	ltoken	mcc	0.7378828511564941
ncbi	CompositeMention	ltoken	mcc	0.769675556378768
ncbi	CompositeMention	ltoken	mcc	0.7505679432482283
ncbi	CompositeMention	ltoken	mcc	0.7720615178331336
ncbi	CompositeMention	ltoken	mcc	0.7378828511564941
ncbi	DiseaseClass	ltoken	mcc	0.7378828511564941
ncbi	DiseaseClass	ltoken	mcc	0.769675556378768
ncbi	DiseaseClass	ltoken	mcc	0.7505679432482283
ncbi	DiseaseClass	ltoken	mcc	0.7720615178331336
ncbi	DiseaseClass	ltoken	mcc	0.7378828511564941
ncbi	Modifier	ltoken	mcc	0.7378828511564941
ncbi	Modifier	ltoken	mcc	0.769675556378768
ncbi	Modifier	ltoken	mcc	0.7505679432482283
ncbi	Modifier	ltoken	mcc	0.7720615178331336
ncbi	Modifier	ltoken	mcc	0.7378828511564941
ncbi	SpecificDisease	ltoken	mcc	0.7378828511564941
ncbi	SpecificDisease	ltoken	mcc	0.769675556378768
ncbi	SpecificDisease	ltoken	mcc	0.7505679432482283
ncbi	SpecificDisease	ltoken	mcc	0.7720615178331336
ncbi	SpecificDisease	ltoken	mcc	0.7378828511564941
ncbi	CompositeMention	ltoken	f1-score	0.8195488721804511
ncbi	CompositeMention	ltoken	f1-score	0.7872340425531915
ncbi	CompositeMention	ltoken	f1-score	0.7786259541984732
ncbi	CompositeMention	ltoken	f1-score	0.7819548872180451
ncbi	CompositeMention	ltoken	f1-score	0.8195488721804511
ncbi	DiseaseClass	ltoken	f1-score	0.6317135549872123
ncbi	DiseaseClass	ltoken	f1-score	0.6905444126074498
ncbi	DiseaseClass	ltoken	f1-score	0.6593103448275862
ncbi	DiseaseClass	ltoken	f1-score	0.7010869565217391
ncbi	DiseaseClass	ltoken	f1-score	0.6317135549872123
ncbi	Modifier	ltoken	f1-score	0.9594356261022928
ncbi	Modifier	ltoken	f1-score	0.9562937062937062
ncbi	Modifier	ltoken	f1-score	0.951627088830255
ncbi	Modifier	ltoken	f1-score	0.95171202809482
ncbi	Modifier	ltoken	f1-score	0.9594356261022928
ncbi	SpecificDisease	ltoken	f1-score	0.9034878165312948
ncbi	SpecificDisease	ltoken	f1-score	0.9187543900725824
ncbi	SpecificDisease	ltoken	f1-score	0.9140974346905154
ncbi	SpecificDisease	ltoken	f1-score	0.9218455743879472
ncbi	SpecificDisease	ltoken	f1-score	0.9034878165312948
ncbi	CompositeMention	lword	mcc	0.7631572308809524
ncbi	CompositeMention	lword	mcc	0.7820872770443783
ncbi	CompositeMention	lword	mcc	0.7736193394839685
ncbi	CompositeMention	lword	mcc	0.7888319097854926
ncbi	CompositeMention	lword	mcc	0.7631572308809524
ncbi	DiseaseClass	lword	mcc	0.7631572308809524
ncbi	DiseaseClass	lword	mcc	0.7820872770443783
ncbi	DiseaseClass	lword	mcc	0.7736193394839685
ncbi	DiseaseClass	lword	mcc	0.7888319097854926
ncbi	DiseaseClass	lword	mcc	0.7631572308809524
ncbi	Modifier	lword	mcc	0.7631572308809524
ncbi	Modifier	lword	mcc	0.7820872770443783
ncbi	Modifier	lword	mcc	0.7736193394839685
ncbi	Modifier	lword	mcc	0.7888319097854926
ncbi	Modifier	lword	mcc	0.7631572308809524
ncbi	SpecificDisease	lword	mcc	0.7631572308809524
ncbi	SpecificDisease	lword	mcc	0.7820872770443783
ncbi	SpecificDisease	lword	mcc	0.7736193394839685
ncbi	SpecificDisease	lword	mcc	0.7888319097854926
ncbi	SpecificDisease	lword	mcc	0.7631572308809524
ncbi	CompositeMention	lword	f1-score	0.8622754491017964
ncbi	CompositeMention	lword	f1-score	0.8135593220338984
ncbi	CompositeMention	lword	f1-score	0.8220858895705522
ncbi	CompositeMention	lword	f1-score	0.8263473053892215
ncbi	CompositeMention	lword	f1-score	0.8622754491017964
ncbi	DiseaseClass	lword	f1-score	0.670487106017192
ncbi	DiseaseClass	lword	f1-score	0.7225806451612903
ncbi	DiseaseClass	lword	f1-score	0.6953846153846154
ncbi	DiseaseClass	lword	f1-score	0.7317073170731707
ncbi	DiseaseClass	lword	f1-score	0.670487106017192
ncbi	Modifier	lword	f1-score	0.9613259668508288
ncbi	Modifier	lword	f1-score	0.9544626593806922
ncbi	Modifier	lword	f1-score	0.948905109489051
ncbi	Modifier	lword	f1-score	0.9542961608775136
ncbi	Modifier	lword	f1-score	0.9613259668508288
ncbi	SpecificDisease	lword	f1-score	0.9098576700052716
ncbi	SpecificDisease	lword	f1-score	0.9203722854188212
ncbi	SpecificDisease	lword	f1-score	0.9206842923794712
ncbi	SpecificDisease	lword	f1-score	0.9251559251559252
ncbi	SpecificDisease	lword	f1-score	0.9098576700052716
biored	CellLine	ltoken	mcc	0.9245736440840836
biored	CellLine	ltoken	mcc	0.924943406868522
biored	CellLine	ltoken	mcc	0.9377390797368084
biored	CellLine	ltoken	mcc	0.9088678376071102
biored	CellLine	ltoken	mcc	0.9248144882263332
biored	ChemicalEntity	ltoken	mcc	0.9245736440840836
biored	ChemicalEntity	ltoken	mcc	0.924943406868522
biored	ChemicalEntity	ltoken	mcc	0.9377390797368084
biored	ChemicalEntity	ltoken	mcc	0.9088678376071102
biored	ChemicalEntity	ltoken	mcc	0.9248144882263332
biored	DiseaseOrPhenotypicFeature	ltoken	mcc	0.9245736440840836
biored	DiseaseOrPhenotypicFeature	ltoken	mcc	0.924943406868522
biored	DiseaseOrPhenotypicFeature	ltoken	mcc	0.9377390797368084
biored	DiseaseOrPhenotypicFeature	ltoken	mcc	0.9088678376071102
biored	DiseaseOrPhenotypicFeature	ltoken	mcc	0.9248144882263332
biored	GeneOrGeneProduct	ltoken	mcc	0.9245736440840836
biored	GeneOrGeneProduct	ltoken	mcc	0.924943406868522
biored	GeneOrGeneProduct	ltoken	mcc	0.9377390797368084
biored	GeneOrGeneProduct	ltoken	mcc	0.9088678376071102
biored	GeneOrGeneProduct	ltoken	mcc	0.9248144882263332
biored	OrganismTaxon	ltoken	mcc	0.9245736440840836
biored	OrganismTaxon	ltoken	mcc	0.924943406868522
biored	OrganismTaxon	ltoken	mcc	0.9377390797368084
biored	OrganismTaxon	ltoken	mcc	0.9088678376071102
biored	OrganismTaxon	ltoken	mcc	0.9248144882263332
biored	SequenceVariant	ltoken	mcc	0.9245736440840836
biored	SequenceVariant	ltoken	mcc	0.924943406868522
biored	SequenceVariant	ltoken	mcc	0.9377390797368084
biored	SequenceVariant	ltoken	mcc	0.9088678376071102
biored	SequenceVariant	ltoken	mcc	0.9248144882263332
biored	CellLine	ltoken	f1-score	1.0
biored	CellLine	ltoken	f1-score	1.0
biored	CellLine	ltoken	f1-score	0.985781990521327
biored	CellLine	ltoken	f1-score	1.0
biored	CellLine	ltoken	f1-score	1.0
biored	ChemicalEntity	ltoken	f1-score	0.9458762886597938
biored	ChemicalEntity	ltoken	f1-score	0.9605802585935036
biored	ChemicalEntity	ltoken	f1-score	0.9652755654667092
biored	ChemicalEntity	ltoken	f1-score	0.9406451612903226
biored	ChemicalEntity	ltoken	f1-score	0.9517109050207868
biored	DiseaseOrPhenotypicFeature	ltoken	f1-score	0.9583432516067604
biored	DiseaseOrPhenotypicFeature	ltoken	f1-score	0.9534603327706777
biored	DiseaseOrPhenotypicFeature	ltoken	f1-score	0.9616575375089308
biored	DiseaseOrPhenotypicFeature	ltoken	f1-score	0.9518768046198268
biored	DiseaseOrPhenotypicFeature	ltoken	f1-score	0.958792525155726
biored	GeneOrGeneProduct	ltoken	f1-score	0.966740576496674
biored	GeneOrGeneProduct	ltoken	f1-score	0.9720342805593144
biored	GeneOrGeneProduct	ltoken	f1-score	0.9782169324051202
biored	GeneOrGeneProduct	ltoken	f1-score	0.9558035714285714
biored	GeneOrGeneProduct	ltoken	f1-score	0.9708824183151812
biored	OrganismTaxon	ltoken	f1-score	0.9728506787330315
biored	OrganismTaxon	ltoken	f1-score	0.9775784753363228
biored	OrganismTaxon	ltoken	f1-score	0.9862385321100916
biored	OrganismTaxon	ltoken	f1-score	0.9839080459770116
biored	OrganismTaxon	ltoken	f1-score	0.9862385321100916
biored	SequenceVariant	ltoken	f1-score	0.9575757575757576
biored	SequenceVariant	ltoken	f1-score	0.955837870538415
biored	SequenceVariant	ltoken	f1-score	0.9701670644391408
biored	SequenceVariant	ltoken	f1-score	0.951397326852977
biored	SequenceVariant	ltoken	f1-score	0.9492974954184484
biored	CellLine	lword	mcc	0.91693916851459
biored	CellLine	lword	mcc	0.9105906842900606
biored	CellLine	lword	mcc	0.9245255142411622
biored	CellLine	lword	mcc	0.8931393771867062
biored	CellLine	lword	mcc	0.9060067518777644
biored	ChemicalEntity	lword	mcc	0.91693916851459
biored	ChemicalEntity	lword	mcc	0.9105906842900606
biored	ChemicalEntity	lword	mcc	0.9245255142411622
biored	ChemicalEntity	lword	mcc	0.8931393771867062
biored	ChemicalEntity	lword	mcc	0.9060067518777644
biored	DiseaseOrPhenotypicFeature	lword	mcc	0.91693916851459
biored	DiseaseOrPhenotypicFeature	lword	mcc	0.9105906842900606
biored	DiseaseOrPhenotypicFeature	lword	mcc	0.9245255142411622
biored	DiseaseOrPhenotypicFeature	lword	mcc	0.8931393771867062
biored	DiseaseOrPhenotypicFeature	lword	mcc	0.9060067518777644
biored	GeneOrGeneProduct	lword	mcc	0.91693916851459
biored	GeneOrGeneProduct	lword	mcc	0.9105906842900606
biored	GeneOrGeneProduct	lword	mcc	0.9245255142411622
biored	GeneOrGeneProduct	lword	mcc	0.8931393771867062
biored	GeneOrGeneProduct	lword	mcc	0.9060067518777644
biored	OrganismTaxon	lword	mcc	0.91693916851459
biored	OrganismTaxon	lword	mcc	0.9105906842900606
biored	OrganismTaxon	lword	mcc	0.9245255142411622
biored	OrganismTaxon	lword	mcc	0.8931393771867062
biored	OrganismTaxon	lword	mcc	0.9060067518777644
biored	SequenceVariant	lword	mcc	0.91693916851459
biored	SequenceVariant	lword	mcc	0.9105906842900606
biored	SequenceVariant	lword	mcc	0.9245255142411622
biored	SequenceVariant	lword	mcc	0.8931393771867062
biored	SequenceVariant	lword	mcc	0.9060067518777644
biored	CellLine	lword	f1-score	1.0
biored	CellLine	lword	f1-score	1.0
biored	CellLine	lword	f1-score	0.989247311827957
biored	CellLine	lword	f1-score	1.0
biored	CellLine	lword	f1-score	1.0
biored	ChemicalEntity	lword	f1-score	0.94663167104112
biored	ChemicalEntity	lword	f1-score	0.9586206896551724
biored	ChemicalEntity	lword	f1-score	0.9663503019844694
biored	ChemicalEntity	lword	f1-score	0.9401408450704224
biored	ChemicalEntity	lword	f1-score	0.94874022589053
biored	DiseaseOrPhenotypicFeature	lword	f1-score	0.9538795442213782
biored	DiseaseOrPhenotypicFeature	lword	f1-score	0.946212952799122
biored	DiseaseOrPhenotypicFeature	lword	f1-score	0.949208083014746
biored	DiseaseOrPhenotypicFeature	lword	f1-score	0.9381898454746136
biored	DiseaseOrPhenotypicFeature	lword	f1-score	0.943437671609006
biored	GeneOrGeneProduct	lword	f1-score	0.9647182727751448
biored	GeneOrGeneProduct	lword	f1-score	0.9669156883671292
biored	GeneOrGeneProduct	lword	f1-score	0.9744680851063828
biored	GeneOrGeneProduct	lword	f1-score	0.9544491525423728
biored	GeneOrGeneProduct	lword	f1-score	0.964172813487882
biored	OrganismTaxon	lword	f1-score	0.9878345498783456
biored	OrganismTaxon	lword	f1-score	0.9878934624697336
biored	OrganismTaxon	lword	f1-score	0.9926650366748166
biored	OrganismTaxon	lword	f1-score	0.9901960784313726
biored	OrganismTaxon	lword	f1-score	0.9926650366748166
biored	SequenceVariant	lword	f1-score	0.951015531660693
biored	SequenceVariant	lword	f1-score	0.9375
biored	SequenceVariant	lword	f1-score	0.96
biored	SequenceVariant	lword	f1-score	0.9310761789600968
biored	SequenceVariant	lword	f1-score	0.9331713244228432
chiads	Competing_trial	ltoken	mcc	0.5831496690644635
chiads	Competing_trial	ltoken	mcc	0.5918392576565091
chiads	Competing_trial	ltoken	mcc	0.5807638559489907
chiads	Competing_trial	ltoken	mcc	0.5872801360993367
chiads	Competing_trial	ltoken	mcc	0.5951087663684419
chiads	Condition	ltoken	mcc	0.5831496690644635
chiads	Condition	ltoken	mcc	0.5918392576565091
chiads	Condition	ltoken	mcc	0.5807638559489907
chiads	Condition	ltoken	mcc	0.5872801360993367
chiads	Condition	ltoken	mcc	0.5951087663684419
chiads	Context_Error	ltoken	mcc	0.5831496690644635
chiads	Context_Error	ltoken	mcc	0.5918392576565091
chiads	Context_Error	ltoken	mcc	0.5807638559489907
chiads	Context_Error	ltoken	mcc	0.5872801360993367
chiads	Context_Error	ltoken	mcc	nan
chiads	Device	ltoken	mcc	0.5831496690644635
chiads	Device	ltoken	mcc	0.5918392576565091
chiads	Device	ltoken	mcc	0.5807638559489907
chiads	Device	ltoken	mcc	0.5872801360993367
chiads	Device	ltoken	mcc	0.5951087663684419
chiads	Drug	ltoken	mcc	0.5831496690644635
chiads	Drug	ltoken	mcc	0.5918392576565091
chiads	Drug	ltoken	mcc	0.5807638559489907
chiads	Drug	ltoken	mcc	0.5872801360993367
chiads	Drug	ltoken	mcc	0.5951087663684419
chiads	Grammar_Error	ltoken	mcc	0.5831496690644635
chiads	Grammar_Error	ltoken	mcc	0.5918392576565091
chiads	Grammar_Error	ltoken	mcc	0.5807638559489907
chiads	Grammar_Error	ltoken	mcc	0.5872801360993367
chiads	Grammar_Error	ltoken	mcc	0.5951087663684419
chiads	Informed_consent	ltoken	mcc	0.5831496690644635
chiads	Informed_consent	ltoken	mcc	0.5918392576565091
chiads	Informed_consent	ltoken	mcc	0.5807638559489907
chiads	Informed_consent	ltoken	mcc	0.5872801360993367
chiads	Informed_consent	ltoken	mcc	0.5951087663684419
chiads	Intoxication_considerations	ltoken	mcc	0.5831496690644635
chiads	Intoxication_considerations	ltoken	mcc	nan
chiads	Intoxication_considerations	ltoken	mcc	nan
chiads	Intoxication_considerations	ltoken	mcc	nan
chiads	Intoxication_considerations	ltoken	mcc	nan
chiads	Line	ltoken	mcc	0.5831496690644635
chiads	Line	ltoken	mcc	0.5918392576565091
chiads	Line	ltoken	mcc	0.5807638559489907
chiads	Line	ltoken	mcc	0.5872801360993367
chiads	Line	ltoken	mcc	0.5951087663684419
chiads	Measurement	ltoken	mcc	0.5831496690644635
chiads	Measurement	ltoken	mcc	0.5918392576565091
chiads	Measurement	ltoken	mcc	0.5807638559489907
chiads	Measurement	ltoken	mcc	0.5872801360993367
chiads	Measurement	ltoken	mcc	0.5951087663684419
chiads	Mood	ltoken	mcc	0.5831496690644635
chiads	Mood	ltoken	mcc	0.5918392576565091
chiads	Mood	ltoken	mcc	0.5807638559489907
chiads	Mood	ltoken	mcc	0.5872801360993367
chiads	Mood	ltoken	mcc	0.5951087663684419
chiads	Multiplier	ltoken	mcc	0.5831496690644635
chiads	Multiplier	ltoken	mcc	0.5918392576565091
chiads	Multiplier	ltoken	mcc	0.5807638559489907
chiads	Multiplier	ltoken	mcc	0.5872801360993367
chiads	Multiplier	ltoken	mcc	0.5951087663684419
chiads	Negation	ltoken	mcc	0.5831496690644635
chiads	Negation	ltoken	mcc	0.5918392576565091
chiads	Negation	ltoken	mcc	0.5807638559489907
chiads	Negation	ltoken	mcc	0.5872801360993367
chiads	Negation	ltoken	mcc	0.5951087663684419
chiads	Non-query-able	ltoken	mcc	0.5831496690644635
chiads	Non-query-able	ltoken	mcc	0.5918392576565091
chiads	Non-query-able	ltoken	mcc	0.5807638559489907
chiads	Non-query-able	ltoken	mcc	0.5872801360993367
chiads	Non-query-able	ltoken	mcc	0.5951087663684419
chiads	Non-representable	ltoken	mcc	0.5831496690644635
chiads	Non-representable	ltoken	mcc	0.5918392576565091
chiads	Non-representable	ltoken	mcc	0.5807638559489907
chiads	Non-representable	ltoken	mcc	0.5872801360993367
chiads	Non-representable	ltoken	mcc	0.5951087663684419
chiads	Not_a_criteria	ltoken	mcc	0.5831496690644635
chiads	Not_a_criteria	ltoken	mcc	0.5918392576565091
chiads	Not_a_criteria	ltoken	mcc	0.5807638559489907
chiads	Not_a_criteria	ltoken	mcc	0.5872801360993367
chiads	Not_a_criteria	ltoken	mcc	0.5951087663684419
chiads	Observation	ltoken	mcc	0.5831496690644635
chiads	Observation	ltoken	mcc	0.5918392576565091
chiads	Observation	ltoken	mcc	0.5807638559489907
chiads	Observation	ltoken	mcc	0.5872801360993367
chiads	Observation	ltoken	mcc	0.5951087663684419
chiads	Parsing_Error	ltoken	mcc	0.5831496690644635
chiads	Parsing_Error	ltoken	mcc	0.5918392576565091
chiads	Parsing_Error	ltoken	mcc	0.5807638559489907
chiads	Parsing_Error	ltoken	mcc	0.5872801360993367
chiads	Parsing_Error	ltoken	mcc	0.5951087663684419
chiads	Person	ltoken	mcc	0.5831496690644635
chiads	Person	ltoken	mcc	0.5918392576565091
chiads	Person	ltoken	mcc	0.5807638559489907
chiads	Person	ltoken	mcc	0.5872801360993367
chiads	Person	ltoken	mcc	0.5951087663684419
chiads	Post-eligibility	ltoken	mcc	0.5831496690644635
chiads	Post-eligibility	ltoken	mcc	0.5918392576565091
chiads	Post-eligibility	ltoken	mcc	0.5807638559489907
chiads	Post-eligibility	ltoken	mcc	0.5872801360993367
chiads	Post-eligibility	ltoken	mcc	0.5951087663684419
chiads	Pregnancy_considerations	ltoken	mcc	0.5831496690644635
chiads	Pregnancy_considerations	ltoken	mcc	0.5918392576565091
chiads	Pregnancy_considerations	ltoken	mcc	0.5807638559489907
chiads	Pregnancy_considerations	ltoken	mcc	0.5872801360993367
chiads	Pregnancy_considerations	ltoken	mcc	0.5951087663684419
chiads	Procedure	ltoken	mcc	0.5831496690644635
chiads	Procedure	ltoken	mcc	0.5918392576565091
chiads	Procedure	ltoken	mcc	0.5807638559489907
chiads	Procedure	ltoken	mcc	0.5872801360993367
chiads	Procedure	ltoken	mcc	0.5951087663684419
chiads	Qualifier	ltoken	mcc	0.5831496690644635
chiads	Qualifier	ltoken	mcc	0.5918392576565091
chiads	Qualifier	ltoken	mcc	0.5807638559489907
chiads	Qualifier	ltoken	mcc	0.5872801360993367
chiads	Qualifier	ltoken	mcc	0.5951087663684419
chiads	Reference_point	ltoken	mcc	0.5831496690644635
chiads	Reference_point	ltoken	mcc	0.5918392576565091
chiads	Reference_point	ltoken	mcc	0.5807638559489907
chiads	Reference_point	ltoken	mcc	0.5872801360993367
chiads	Reference_point	ltoken	mcc	0.5951087663684419
chiads	Subjective_judgement	ltoken	mcc	0.5831496690644635
chiads	Subjective_judgement	ltoken	mcc	0.5918392576565091
chiads	Subjective_judgement	ltoken	mcc	0.5807638559489907
chiads	Subjective_judgement	ltoken	mcc	0.5872801360993367
chiads	Subjective_judgement	ltoken	mcc	0.5951087663684419
chiads	Temporal	ltoken	mcc	0.5831496690644635
chiads	Temporal	ltoken	mcc	0.5918392576565091
chiads	Temporal	ltoken	mcc	0.5807638559489907
chiads	Temporal	ltoken	mcc	0.5872801360993367
chiads	Temporal	ltoken	mcc	0.5951087663684419
chiads	Undefined_semantics	ltoken	mcc	0.5831496690644635
chiads	Undefined_semantics	ltoken	mcc	0.5918392576565091
chiads	Undefined_semantics	ltoken	mcc	0.5807638559489907
chiads	Undefined_semantics	ltoken	mcc	0.5872801360993367
chiads	Undefined_semantics	ltoken	mcc	0.5951087663684419
chiads	Value	ltoken	mcc	0.5831496690644635
chiads	Value	ltoken	mcc	0.5918392576565091
chiads	Value	ltoken	mcc	0.5807638559489907
chiads	Value	ltoken	mcc	0.5872801360993367
chiads	Value	ltoken	mcc	0.5951087663684419
chiads	Visit	ltoken	mcc	0.5831496690644635
chiads	Visit	ltoken	mcc	0.5918392576565091
chiads	Visit	ltoken	mcc	0.5807638559489907
chiads	Visit	ltoken	mcc	0.5872801360993367
chiads	Visit	ltoken	mcc	0.5951087663684419
chiads	Competing_trial	ltoken	f1-score	0.64
chiads	Competing_trial	ltoken	f1-score	0.4844290657439446
chiads	Competing_trial	ltoken	f1-score	0.4914675767918088
chiads	Competing_trial	ltoken	f1-score	0.3333333333333333
chiads	Competing_trial	ltoken	f1-score	0.5241379310344828
chiads	Condition	ltoken	f1-score	0.8097727272727273
chiads	Condition	ltoken	f1-score	0.8202411811112363
chiads	Condition	ltoken	f1-score	0.8108670520231214
chiads	Condition	ltoken	f1-score	0.8137587689522516
chiads	Condition	ltoken	f1-score	0.815505285892918
chiads	Context_Error	ltoken	f1-score	0.0
chiads	Context_Error	ltoken	f1-score	0.0
chiads	Context_Error	ltoken	f1-score	0.0
chiads	Context_Error	ltoken	f1-score	0.0
chiads	Context_Error	ltoken	f1-score	nan
chiads	Device	ltoken	f1-score	0.8101761252446184
chiads	Device	ltoken	f1-score	0.8210116731517509
chiads	Device	ltoken	f1-score	0.7801980198019802
chiads	Device	ltoken	f1-score	0.8275862068965517
chiads	Device	ltoken	f1-score	0.7853211009174312
chiads	Drug	ltoken	f1-score	0.810957254665864
chiads	Drug	ltoken	f1-score	0.8133253301320528
chiads	Drug	ltoken	f1-score	0.8059149722735675
chiads	Drug	ltoken	f1-score	0.8215262997871694
chiads	Drug	ltoken	f1-score	0.8203737191078964
chiads	Grammar_Error	ltoken	f1-score	0.0
chiads	Grammar_Error	ltoken	f1-score	0.0
chiads	Grammar_Error	ltoken	f1-score	0.0
chiads	Grammar_Error	ltoken	f1-score	0.0
chiads	Grammar_Error	ltoken	f1-score	0.0
chiads	Informed_consent	ltoken	f1-score	0.5432098765432098
chiads	Informed_consent	ltoken	f1-score	0.4172335600907029
chiads	Informed_consent	ltoken	f1-score	0.5084745762711864
chiads	Informed_consent	ltoken	f1-score	0.4855233853006681
chiads	Informed_consent	ltoken	f1-score	0.5258620689655172
chiads	Intoxication_considerations	ltoken	f1-score	0.0
chiads	Intoxication_considerations	ltoken	f1-score	nan
chiads	Intoxication_considerations	ltoken	f1-score	nan
chiads	Intoxication_considerations	ltoken	f1-score	nan
chiads	Intoxication_considerations	ltoken	f1-score	nan
chiads	Line	ltoken	f1-score	0.0536912751677852
chiads	Line	ltoken	f1-score	0.1496815286624203
chiads	Line	ltoken	f1-score	0.0238095238095238
chiads	Line	ltoken	f1-score	0.0697674418604651
chiads	Line	ltoken	f1-score	0.1044045676998368
chiads	Measurement	ltoken	f1-score	0.7708969730630381
chiads	Measurement	ltoken	f1-score	0.7779310344827586
chiads	Measurement	ltoken	f1-score	0.7728155339805826
chiads	Measurement	ltoken	f1-score	0.7823933975240716
chiads	Measurement	ltoken	f1-score	0.7763157894736842
chiads	Mood	ltoken	f1-score	0.4469273743016759
chiads	Mood	ltoken	f1-score	0.4064171122994652
chiads	Mood	ltoken	f1-score	0.4324324324324324
chiads	Mood	ltoken	f1-score	0.3703703703703703
chiads	Mood	ltoken	f1-score	0.4154589371980676
chiads	Multiplier	ltoken	f1-score	0.4460966542750929
chiads	Multiplier	ltoken	f1-score	0.5284403669724771
chiads	Multiplier	ltoken	f1-score	0.4627151051625239
chiads	Multiplier	ltoken	f1-score	0.4548872180451128
chiads	Multiplier	ltoken	f1-score	0.458252427184466
chiads	Negation	ltoken	f1-score	0.5344129554655871
chiads	Negation	ltoken	f1-score	0.608
chiads	Negation	ltoken	f1-score	0.5934959349593496
chiads	Negation	ltoken	f1-score	0.5583333333333333
chiads	Negation	ltoken	f1-score	0.6033057851239669
chiads	Non-query-able	ltoken	f1-score	0.354073123797306
chiads	Non-query-able	ltoken	f1-score	0.3137254901960784
chiads	Non-query-able	ltoken	f1-score	0.2568807339449541
chiads	Non-query-able	ltoken	f1-score	0.32
chiads	Non-query-able	ltoken	f1-score	0.3224431818181818
chiads	Non-representable	ltoken	f1-score	0.138801261829653
chiads	Non-representable	ltoken	f1-score	0.2009273570324575
chiads	Non-representable	ltoken	f1-score	0.1506849315068493
chiads	Non-representable	ltoken	f1-score	0.1785714285714285
chiads	Non-representable	ltoken	f1-score	0.1896792189679219
chiads	Not_a_criteria	ltoken	f1-score	0.0
chiads	Not_a_criteria	ltoken	f1-score	0.0
chiads	Not_a_criteria	ltoken	f1-score	0.0
chiads	Not_a_criteria	ltoken	f1-score	0.0
chiads	Not_a_criteria	ltoken	f1-score	0.0
chiads	Observation	ltoken	f1-score	0.2308724832214765
chiads	Observation	ltoken	f1-score	0.2579787234042553
chiads	Observation	ltoken	f1-score	0.2120141342756183
chiads	Observation	ltoken	f1-score	0.2551143200962695
chiads	Observation	ltoken	f1-score	0.2838709677419355
chiads	Parsing_Error	ltoken	f1-score	0.15
chiads	Parsing_Error	ltoken	f1-score	0.1392405063291139
chiads	Parsing_Error	ltoken	f1-score	0.3016759776536313
chiads	Parsing_Error	ltoken	f1-score	0.2840236686390532
chiads	Parsing_Error	ltoken	f1-score	0.3535911602209944
chiads	Person	ltoken	f1-score	0.7018348623853211
chiads	Person	ltoken	f1-score	0.7251184834123223
chiads	Person	ltoken	f1-score	0.6846846846846847
chiads	Person	ltoken	f1-score	0.7268408551068883
chiads	Person	ltoken	f1-score	0.7130044843049327
chiads	Post-eligibility	ltoken	f1-score	0.3267838676318511
chiads	Post-eligibility	ltoken	f1-score	0.4132379248658318
chiads	Post-eligibility	ltoken	f1-score	0.3616792249730893
chiads	Post-eligibility	ltoken	f1-score	0.3985171455050973
chiads	Post-eligibility	ltoken	f1-score	0.3742203742203742
chiads	Pregnancy_considerations	ltoken	f1-score	0.3838604143947655
chiads	Pregnancy_considerations	ltoken	f1-score	0.4273318872017353
chiads	Pregnancy_considerations	ltoken	f1-score	0.4035087719298245
chiads	Pregnancy_considerations	ltoken	f1-score	0.3778280542986425
chiads	Pregnancy_considerations	ltoken	f1-score	0.4103671706263499
chiads	Procedure	ltoken	f1-score	0.6764374295377678
chiads	Procedure	ltoken	f1-score	0.6773952095808383
chiads	Procedure	ltoken	f1-score	0.6661833997825299
chiads	Procedure	ltoken	f1-score	0.6851514045968624
chiads	Procedure	ltoken	f1-score	0.6882440476190477
chiads	Qualifier	ltoken	f1-score	0.4830756372753865
chiads	Qualifier	ltoken	f1-score	0.473569244211446
chiads	Qualifier	ltoken	f1-score	0.4751335799424578
chiads	Qualifier	ltoken	f1-score	0.4560204953031597
chiads	Qualifier	ltoken	f1-score	0.4834626378113515
chiads	Reference_point	ltoken	f1-score	0.0
chiads	Reference_point	ltoken	f1-score	0.0
chiads	Reference_point	ltoken	f1-score	0.0
chiads	Reference_point	ltoken	f1-score	0.0
chiads	Reference_point	ltoken	f1-score	0.0
chiads	Subjective_judgement	ltoken	f1-score	0.0289855072463768
chiads	Subjective_judgement	ltoken	f1-score	0.0533333333333333
chiads	Subjective_judgement	ltoken	f1-score	0.1963190184049079
chiads	Subjective_judgement	ltoken	f1-score	0.1153846153846153
chiads	Subjective_judgement	ltoken	f1-score	0.0
chiads	Temporal	ltoken	f1-score	0.7079303675048356
chiads	Temporal	ltoken	f1-score	0.7021445591739476
chiads	Temporal	ltoken	f1-score	0.7318923018581721
chiads	Temporal	ltoken	f1-score	0.7282174260591526
chiads	Temporal	ltoken	f1-score	0.7338869118228549
chiads	Undefined_semantics	ltoken	f1-score	0.0
chiads	Undefined_semantics	ltoken	f1-score	0.0
chiads	Undefined_semantics	ltoken	f1-score	0.0
chiads	Undefined_semantics	ltoken	f1-score	0.0
chiads	Undefined_semantics	ltoken	f1-score	0.0
chiads	Value	ltoken	f1-score	0.810126582278481
chiads	Value	ltoken	f1-score	0.8118336886993603
chiads	Value	ltoken	f1-score	0.8132561809573908
chiads	Value	ltoken	f1-score	0.8085333333333333
chiads	Value	ltoken	f1-score	0.8137490007993605
chiads	Visit	ltoken	f1-score	0.6218487394957983
chiads	Visit	ltoken	f1-score	0.6218487394957983
chiads	Visit	ltoken	f1-score	0.5785123966942148
chiads	Visit	ltoken	f1-score	0.6548672566371682
chiads	Visit	ltoken	f1-score	0.6548672566371682
chiads	Competing_trial	lword	mcc	0.5507394070237198
chiads	Competing_trial	lword	mcc	0.5581836795507097
chiads	Competing_trial	lword	mcc	0.5479050454417717
chiads	Competing_trial	lword	mcc	0.5571487221943291
chiads	Competing_trial	lword	mcc	0.5624428979045448
chiads	Condition	lword	mcc	0.5507394070237198
chiads	Condition	lword	mcc	0.5581836795507097
chiads	Condition	lword	mcc	0.5479050454417717
chiads	Condition	lword	mcc	0.5571487221943291
chiads	Condition	lword	mcc	0.5624428979045448
chiads	Context_Error	lword	mcc	0.5507394070237198
chiads	Context_Error	lword	mcc	0.5581836795507097
chiads	Context_Error	lword	mcc	0.5479050454417717
chiads	Context_Error	lword	mcc	0.5571487221943291
chiads	Context_Error	lword	mcc	nan
chiads	Device	lword	mcc	0.5507394070237198
chiads	Device	lword	mcc	0.5581836795507097
chiads	Device	lword	mcc	0.5479050454417717
chiads	Device	lword	mcc	0.5571487221943291
chiads	Device	lword	mcc	0.5624428979045448
chiads	Drug	lword	mcc	0.5507394070237198
chiads	Drug	lword	mcc	0.5581836795507097
chiads	Drug	lword	mcc	0.5479050454417717
chiads	Drug	lword	mcc	0.5571487221943291
chiads	Drug	lword	mcc	0.5624428979045448
chiads	Grammar_Error	lword	mcc	0.5507394070237198
chiads	Grammar_Error	lword	mcc	0.5581836795507097
chiads	Grammar_Error	lword	mcc	0.5479050454417717
chiads	Grammar_Error	lword	mcc	0.5571487221943291
chiads	Grammar_Error	lword	mcc	0.5624428979045448
chiads	Informed_consent	lword	mcc	0.5507394070237198
chiads	Informed_consent	lword	mcc	0.5581836795507097
chiads	Informed_consent	lword	mcc	0.5479050454417717
chiads	Informed_consent	lword	mcc	0.5571487221943291
chiads	Informed_consent	lword	mcc	0.5624428979045448
chiads	Intoxication_considerations	lword	mcc	0.5507394070237198
chiads	Intoxication_considerations	lword	mcc	nan
chiads	Intoxication_considerations	lword	mcc	nan
chiads	Intoxication_considerations	lword	mcc	nan
chiads	Intoxication_considerations	lword	mcc	nan
chiads	Line	lword	mcc	0.5507394070237198
chiads	Line	lword	mcc	0.5581836795507097
chiads	Line	lword	mcc	0.5479050454417717
chiads	Line	lword	mcc	0.5571487221943291
chiads	Line	lword	mcc	0.5624428979045448
chiads	Measurement	lword	mcc	0.5507394070237198
chiads	Measurement	lword	mcc	0.5581836795507097
chiads	Measurement	lword	mcc	0.5479050454417717
chiads	Measurement	lword	mcc	0.5571487221943291
chiads	Measurement	lword	mcc	0.5624428979045448
chiads	Mood	lword	mcc	0.5507394070237198
chiads	Mood	lword	mcc	0.5581836795507097
chiads	Mood	lword	mcc	0.5479050454417717
chiads	Mood	lword	mcc	0.5571487221943291
chiads	Mood	lword	mcc	0.5624428979045448
chiads	Multiplier	lword	mcc	0.5507394070237198
chiads	Multiplier	lword	mcc	0.5581836795507097
chiads	Multiplier	lword	mcc	0.5479050454417717
chiads	Multiplier	lword	mcc	0.5571487221943291
chiads	Multiplier	lword	mcc	0.5624428979045448
chiads	Negation	lword	mcc	0.5507394070237198
chiads	Negation	lword	mcc	0.5581836795507097
chiads	Negation	lword	mcc	0.5479050454417717
chiads	Negation	lword	mcc	0.5571487221943291
chiads	Negation	lword	mcc	0.5624428979045448
chiads	Non-query-able	lword	mcc	0.5507394070237198
chiads	Non-query-able	lword	mcc	0.5581836795507097
chiads	Non-query-able	lword	mcc	0.5479050454417717
chiads	Non-query-able	lword	mcc	0.5571487221943291
chiads	Non-query-able	lword	mcc	0.5624428979045448
chiads	Non-representable	lword	mcc	0.5507394070237198
chiads	Non-representable	lword	mcc	0.5581836795507097
chiads	Non-representable	lword	mcc	0.5479050454417717
chiads	Non-representable	lword	mcc	0.5571487221943291
chiads	Non-representable	lword	mcc	0.5624428979045448
chiads	Not_a_criteria	lword	mcc	0.5507394070237198
chiads	Not_a_criteria	lword	mcc	0.5581836795507097
chiads	Not_a_criteria	lword	mcc	0.5479050454417717
chiads	Not_a_criteria	lword	mcc	0.5571487221943291
chiads	Not_a_criteria	lword	mcc	0.5624428979045448
chiads	Observation	lword	mcc	0.5507394070237198
chiads	Observation	lword	mcc	0.5581836795507097
chiads	Observation	lword	mcc	0.5479050454417717
chiads	Observation	lword	mcc	0.5571487221943291
chiads	Observation	lword	mcc	0.5624428979045448
chiads	Parsing_Error	lword	mcc	0.5507394070237198
chiads	Parsing_Error	lword	mcc	0.5581836795507097
chiads	Parsing_Error	lword	mcc	0.5479050454417717
chiads	Parsing_Error	lword	mcc	0.5571487221943291
chiads	Parsing_Error	lword	mcc	0.5624428979045448
chiads	Person	lword	mcc	0.5507394070237198
chiads	Person	lword	mcc	0.5581836795507097
chiads	Person	lword	mcc	0.5479050454417717
chiads	Person	lword	mcc	0.5571487221943291
chiads	Person	lword	mcc	0.5624428979045448
chiads	Post-eligibility	lword	mcc	0.5507394070237198
chiads	Post-eligibility	lword	mcc	0.5581836795507097
chiads	Post-eligibility	lword	mcc	0.5479050454417717
chiads	Post-eligibility	lword	mcc	0.5571487221943291
chiads	Post-eligibility	lword	mcc	0.5624428979045448
chiads	Pregnancy_considerations	lword	mcc	0.5507394070237198
chiads	Pregnancy_considerations	lword	mcc	0.5581836795507097
chiads	Pregnancy_considerations	lword	mcc	0.5479050454417717
chiads	Pregnancy_considerations	lword	mcc	0.5571487221943291
chiads	Pregnancy_considerations	lword	mcc	0.5624428979045448
chiads	Procedure	lword	mcc	0.5507394070237198
chiads	Procedure	lword	mcc	0.5581836795507097
chiads	Procedure	lword	mcc	0.5479050454417717
chiads	Procedure	lword	mcc	0.5571487221943291
chiads	Procedure	lword	mcc	0.5624428979045448
chiads	Qualifier	lword	mcc	0.5507394070237198
chiads	Qualifier	lword	mcc	0.5581836795507097
chiads	Qualifier	lword	mcc	0.5479050454417717
chiads	Qualifier	lword	mcc	0.5571487221943291
chiads	Qualifier	lword	mcc	0.5624428979045448
chiads	Reference_point	lword	mcc	0.5507394070237198
chiads	Reference_point	lword	mcc	0.5581836795507097
chiads	Reference_point	lword	mcc	0.5479050454417717
chiads	Reference_point	lword	mcc	0.5571487221943291
chiads	Reference_point	lword	mcc	0.5624428979045448
chiads	Subjective_judgement	lword	mcc	0.5507394070237198
chiads	Subjective_judgement	lword	mcc	0.5581836795507097
chiads	Subjective_judgement	lword	mcc	0.5479050454417717
chiads	Subjective_judgement	lword	mcc	0.5571487221943291
chiads	Subjective_judgement	lword	mcc	0.5624428979045448
chiads	Temporal	lword	mcc	0.5507394070237198
chiads	Temporal	lword	mcc	0.5581836795507097
chiads	Temporal	lword	mcc	0.5479050454417717
chiads	Temporal	lword	mcc	0.5571487221943291
chiads	Temporal	lword	mcc	0.5624428979045448
chiads	Undefined_semantics	lword	mcc	0.5507394070237198
chiads	Undefined_semantics	lword	mcc	0.5581836795507097
chiads	Undefined_semantics	lword	mcc	0.5479050454417717
chiads	Undefined_semantics	lword	mcc	0.5571487221943291
chiads	Undefined_semantics	lword	mcc	0.5624428979045448
chiads	Value	lword	mcc	0.5507394070237198
chiads	Value	lword	mcc	0.5581836795507097
chiads	Value	lword	mcc	0.5479050454417717
chiads	Value	lword	mcc	0.5571487221943291
chiads	Value	lword	mcc	0.5624428979045448
chiads	Visit	lword	mcc	0.5507394070237198
chiads	Visit	lword	mcc	0.5581836795507097
chiads	Visit	lword	mcc	0.5479050454417717
chiads	Visit	lword	mcc	0.5571487221943291
chiads	Visit	lword	mcc	0.5624428979045448
chiads	Competing_trial	lword	f1-score	0.6274509803921569
chiads	Competing_trial	lword	f1-score	0.4583333333333333
chiads	Competing_trial	lword	f1-score	0.4534412955465587
chiads	Competing_trial	lword	f1-score	0.3251231527093596
chiads	Competing_trial	lword	f1-score	0.4769874476987448
chiads	Condition	lword	f1-score	0.7797805642633229
chiads	Condition	lword	f1-score	0.791039011201236
chiads	Condition	lword	f1-score	0.7818831942789034
chiads	Condition	lword	f1-score	0.7864380358534684
chiads	Condition	lword	f1-score	0.7875121951219513
chiads	Context_Error	lword	f1-score	0.0
chiads	Context_Error	lword	f1-score	0.0
chiads	Context_Error	lword	f1-score	0.0
chiads	Context_Error	lword	f1-score	0.0
chiads	Context_Error	lword	f1-score	nan
chiads	Device	lword	f1-score	0.7880794701986755
chiads	Device	lword	f1-score	0.8064516129032258
chiads	Device	lword	f1-score	0.7712418300653595
chiads	Device	lword	f1-score	0.821656050955414
chiads	Device	lword	f1-score	0.7801857585139319
chiads	Drug	lword	f1-score	0.7631578947368421
chiads	Drug	lword	f1-score	0.7664041994750657
chiads	Drug	lword	f1-score	0.7535641547861507
chiads	Drug	lword	f1-score	0.7784352399737016
chiads	Drug	lword	f1-score	0.7711640211640212
chiads	Grammar_Error	lword	f1-score	0.0
chiads	Grammar_Error	lword	f1-score	0.0
chiads	Grammar_Error	lword	f1-score	0.0
chiads	Grammar_Error	lword	f1-score	0.0
chiads	Grammar_Error	lword	f1-score	0.0
chiads	Informed_consent	lword	f1-score	0.549266247379455
chiads	Informed_consent	lword	f1-score	0.4232558139534884
chiads	Informed_consent	lword	f1-score	0.5109170305676856
chiads	Informed_consent	lword	f1-score	0.4873563218390804
chiads	Informed_consent	lword	f1-score	0.532150776053215
chiads	Intoxication_considerations	lword	f1-score	0.0
chiads	Intoxication_considerations	lword	f1-score	nan
chiads	Intoxication_considerations	lword	f1-score	nan
chiads	Intoxication_considerations	lword	f1-score	nan
chiads	Intoxication_considerations	lword	f1-score	nan
chiads	Line	lword	f1-score	0.0538116591928251
chiads	Line	lword	f1-score	0.1449893390191897
chiads	Line	lword	f1-score	0.0182232346241457
chiads	Line	lword	f1-score	0.0666666666666666
chiads	Line	lword	f1-score	0.1045751633986928
chiads	Measurement	lword	f1-score	0.7496734871571615
chiads	Measurement	lword	f1-score	0.759723422644771
chiads	Measurement	lword	f1-score	0.7527993109388458
chiads	Measurement	lword	f1-score	0.7655379339905701
chiads	Measurement	lword	f1-score	0.753091684434968
chiads	Mood	lword	f1-score	0.4814814814814814
chiads	Mood	lword	f1-score	0.4457831325301205
chiads	Mood	lword	f1-score	0.4522613065326633
chiads	Mood	lword	f1-score	0.3917525773195876
chiads	Mood	lword	f1-score	0.4395604395604395
chiads	Multiplier	lword	f1-score	0.4897025171624714
chiads	Multiplier	lword	f1-score	0.547945205479452
chiads	Multiplier	lword	f1-score	0.5011820330969267
chiads	Multiplier	lword	f1-score	0.4918032786885246
chiads	Multiplier	lword	f1-score	0.5
chiads	Negation	lword	f1-score	0.5641025641025641
chiads	Negation	lword	f1-score	0.6368159203980099
chiads	Negation	lword	f1-score	0.6130653266331658
chiads	Negation	lword	f1-score	0.5863874345549738
chiads	Negation	lword	f1-score	0.6010362694300518
chiads	Non-query-able	lword	f1-score	0.3665454545454545
chiads	Non-query-able	lword	f1-score	0.311969111969112
chiads	Non-query-able	lword	f1-score	0.2458001768346596
chiads	Non-query-able	lword	f1-score	0.3171953255425709
chiads	Non-query-able	lword	f1-score	0.3298131600324939
chiads	Non-representable	lword	f1-score	0.140625
chiads	Non-representable	lword	f1-score	0.2003929273084479
chiads	Non-representable	lword	f1-score	0.1517706576728499
chiads	Non-representable	lword	f1-score	0.1797752808988764
chiads	Non-representable	lword	f1-score	0.2130584192439862
chiads	Not_a_criteria	lword	f1-score	0.0
chiads	Not_a_criteria	lword	f1-score	0.0
chiads	Not_a_criteria	lword	f1-score	0.0
chiads	Not_a_criteria	lword	f1-score	0.0
chiads	Not_a_criteria	lword	f1-score	0.0
chiads	Observation	lword	f1-score	0.2356687898089172
chiads	Observation	lword	f1-score	0.2653721682847896
chiads	Observation	lword	f1-score	0.2254335260115607
chiads	Observation	lword	f1-score	0.266857962697274
chiads	Observation	lword	f1-score	0.2706766917293233
chiads	Parsing_Error	lword	f1-score	0.1732283464566929
chiads	Parsing_Error	lword	f1-score	0.16
chiads	Parsing_Error	lword	f1-score	0.3724137931034483
chiads	Parsing_Error	lword	f1-score	0.3503649635036496
chiads	Parsing_Error	lword	f1-score	0.4295302013422818
chiads	Person	lword	f1-score	0.731829573934837
chiads	Person	lword	f1-score	0.7564766839378239
chiads	Person	lword	f1-score	0.7070217917675545
chiads	Person	lword	f1-score	0.7545219638242894
chiads	Person	lword	f1-score	0.7344913151364765
chiads	Post-eligibility	lword	f1-score	0.3351955307262569
chiads	Post-eligibility	lword	f1-score	0.4181117533718689
chiads	Post-eligibility	lword	f1-score	0.3696900114810562
chiads	Post-eligibility	lword	f1-score	0.4064386317907444
chiads	Post-eligibility	lword	f1-score	0.3783185840707964
chiads	Pregnancy_considerations	lword	f1-score	0.3962516733601071
chiads	Pregnancy_considerations	lword	f1-score	0.4272363150867824
chiads	Pregnancy_considerations	lword	f1-score	0.4092140921409214
chiads	Pregnancy_considerations	lword	f1-score	0.3849372384937238
chiads	Pregnancy_considerations	lword	f1-score	0.4253632760898282
chiads	Procedure	lword	f1-score	0.6565389696169088
chiads	Procedure	lword	f1-score	0.6649248856956238
chiads	Procedure	lword	f1-score	0.6482412060301508
chiads	Procedure	lword	f1-score	0.6713286713286714
chiads	Procedure	lword	f1-score	0.674069235793599
chiads	Qualifier	lword	f1-score	0.4655061250805932
chiads	Qualifier	lword	f1-score	0.4525745257452574
chiads	Qualifier	lword	f1-score	0.4534883720930232
chiads	Qualifier	lword	f1-score	0.4536489151873767
chiads	Qualifier	lword	f1-score	0.4723809523809524
chiads	Reference_point	lword	f1-score	0.0
chiads	Reference_point	lword	f1-score	0.0
chiads	Reference_point	lword	f1-score	0.0
chiads	Reference_point	lword	f1-score	0.0
chiads	Reference_point	lword	f1-score	0.0
chiads	Subjective_judgement	lword	f1-score	0.0330578512396694
chiads	Subjective_judgement	lword	f1-score	0.0601503759398496
chiads	Subjective_judgement	lword	f1-score	0.2206896551724138
chiads	Subjective_judgement	lword	f1-score	0.1294964028776978
chiads	Subjective_judgement	lword	f1-score	0.0
chiads	Temporal	lword	f1-score	0.7367055771725033
chiads	Temporal	lword	f1-score	0.7294535761883607
chiads	Temporal	lword	f1-score	0.7509546033092914
chiads	Temporal	lword	f1-score	0.755456570155902
chiads	Temporal	lword	f1-score	0.7545333923042902
chiads	Undefined_semantics	lword	f1-score	0.0
chiads	Undefined_semantics	lword	f1-score	0.0
chiads	Undefined_semantics	lword	f1-score	0.0
chiads	Undefined_semantics	lword	f1-score	0.0
chiads	Undefined_semantics	lword	f1-score	0.0
chiads	Value	lword	f1-score	0.812718600953895
chiads	Value	lword	f1-score	0.810490165469872
chiads	Value	lword	f1-score	0.8137376237623762
chiads	Value	lword	f1-score	0.8109296482412061
chiads	Value	lword	f1-score	0.8144200626959248
chiads	Visit	lword	f1-score	0.5858585858585859
chiads	Visit	lword	f1-score	0.6060606060606061
chiads	Visit	lword	f1-score	0.54
chiads	Visit	lword	f1-score	0.6170212765957447
chiads	Visit	lword	f1-score	0.6382978723404256
merged_train	CellLine	ltoken	mcc	0.6182214550970017
merged_train	CellLine	ltoken	mcc	0.6144184847706369
merged_train	CellLine	ltoken	mcc	0.6189512590081848
merged_train	CellLine	ltoken	mcc	0.6205592349854678
merged_train	CellLine	ltoken	mcc	0.6259019665094089
merged_train	Chemical	ltoken	mcc	0.6182214550970017
merged_train	Chemical	ltoken	mcc	0.6144184847706369
merged_train	Chemical	ltoken	mcc	0.6189512590081848
merged_train	Chemical	ltoken	mcc	0.6205592349854678
merged_train	Chemical	ltoken	mcc	0.6259019665094089
merged_train	ChemicalEntity	ltoken	mcc	0.6182214550970017
merged_train	ChemicalEntity	ltoken	mcc	0.6144184847706369
merged_train	ChemicalEntity	ltoken	mcc	0.6189512590081848
merged_train	ChemicalEntity	ltoken	mcc	0.6205592349854678
merged_train	ChemicalEntity	ltoken	mcc	0.6259019665094089
merged_train	Competing_trial	ltoken	mcc	0.6182214550970017
merged_train	Competing_trial	ltoken	mcc	0.6144184847706369
merged_train	Competing_trial	ltoken	mcc	0.6189512590081848
merged_train	Competing_trial	ltoken	mcc	0.6205592349854678
merged_train	Competing_trial	ltoken	mcc	0.6259019665094089
merged_train	CompositeMention	ltoken	mcc	0.6182214550970017
merged_train	CompositeMention	ltoken	mcc	0.6144184847706369
merged_train	CompositeMention	ltoken	mcc	0.6189512590081848
merged_train	CompositeMention	ltoken	mcc	0.6205592349854678
merged_train	CompositeMention	ltoken	mcc	0.6259019665094089
merged_train	Condition	ltoken	mcc	0.6182214550970017
merged_train	Condition	ltoken	mcc	0.6144184847706369
merged_train	Condition	ltoken	mcc	0.6189512590081848
merged_train	Condition	ltoken	mcc	0.6205592349854678
merged_train	Condition	ltoken	mcc	0.6259019665094089
merged_train	Context_Error	ltoken	mcc	0.6182214550970017
merged_train	Context_Error	ltoken	mcc	0.6144184847706369
merged_train	Context_Error	ltoken	mcc	0.6189512590081848
merged_train	Context_Error	ltoken	mcc	0.6205592349854678
merged_train	Context_Error	ltoken	mcc	0.6259019665094089
merged_train	Device	ltoken	mcc	0.6182214550970017
merged_train	Device	ltoken	mcc	0.6144184847706369
merged_train	Device	ltoken	mcc	0.6189512590081848
merged_train	Device	ltoken	mcc	0.6205592349854678
merged_train	Device	ltoken	mcc	0.6259019665094089
merged_train	Disease	ltoken	mcc	0.6182214550970017
merged_train	Disease	ltoken	mcc	0.6144184847706369
merged_train	Disease	ltoken	mcc	0.6189512590081848
merged_train	Disease	ltoken	mcc	0.6205592349854678
merged_train	Disease	ltoken	mcc	0.6259019665094089
merged_train	DiseaseClass	ltoken	mcc	0.6182214550970017
merged_train	DiseaseClass	ltoken	mcc	0.6144184847706369
merged_train	DiseaseClass	ltoken	mcc	0.6189512590081848
merged_train	DiseaseClass	ltoken	mcc	0.6205592349854678
merged_train	DiseaseClass	ltoken	mcc	0.6259019665094089
merged_train	DiseaseOrPhenotypicFeature	ltoken	mcc	0.6182214550970017
merged_train	DiseaseOrPhenotypicFeature	ltoken	mcc	0.6144184847706369
merged_train	DiseaseOrPhenotypicFeature	ltoken	mcc	0.6189512590081848
merged_train	DiseaseOrPhenotypicFeature	ltoken	mcc	0.6205592349854678
merged_train	DiseaseOrPhenotypicFeature	ltoken	mcc	0.6259019665094089
merged_train	Drug	ltoken	mcc	0.6182214550970017
merged_train	Drug	ltoken	mcc	0.6144184847706369
merged_train	Drug	ltoken	mcc	0.6189512590081848
merged_train	Drug	ltoken	mcc	0.6205592349854678
merged_train	Drug	ltoken	mcc	0.6259019665094089
merged_train	GeneOrGeneProduct	ltoken	mcc	0.6182214550970017
merged_train	GeneOrGeneProduct	ltoken	mcc	0.6144184847706369
merged_train	GeneOrGeneProduct	ltoken	mcc	0.6189512590081848
merged_train	GeneOrGeneProduct	ltoken	mcc	0.6205592349854678
merged_train	GeneOrGeneProduct	ltoken	mcc	0.6259019665094089
merged_train	Grammar_Error	ltoken	mcc	0.6182214550970017
merged_train	Grammar_Error	ltoken	mcc	0.6144184847706369
merged_train	Grammar_Error	ltoken	mcc	0.6189512590081848
merged_train	Grammar_Error	ltoken	mcc	0.6205592349854678
merged_train	Grammar_Error	ltoken	mcc	0.6259019665094089
merged_train	Informed_consent	ltoken	mcc	0.6182214550970017
merged_train	Informed_consent	ltoken	mcc	0.6144184847706369
merged_train	Informed_consent	ltoken	mcc	0.6189512590081848
merged_train	Informed_consent	ltoken	mcc	0.6205592349854678
merged_train	Informed_consent	ltoken	mcc	0.6259019665094089
merged_train	Intoxication_considerations	ltoken	mcc	0.6182214550970017
merged_train	Intoxication_considerations	ltoken	mcc	0.6144184847706369
merged_train	Intoxication_considerations	ltoken	mcc	0.6189512590081848
merged_train	Intoxication_considerations	ltoken	mcc	0.6205592349854678
merged_train	Intoxication_considerations	ltoken	mcc	0.6259019665094089
merged_train	Line	ltoken	mcc	0.6182214550970017
merged_train	Line	ltoken	mcc	0.6144184847706369
merged_train	Line	ltoken	mcc	0.6189512590081848
merged_train	Line	ltoken	mcc	0.6205592349854678
merged_train	Line	ltoken	mcc	0.6259019665094089
merged_train	Measurement	ltoken	mcc	0.6182214550970017
merged_train	Measurement	ltoken	mcc	0.6144184847706369
merged_train	Measurement	ltoken	mcc	0.6189512590081848
merged_train	Measurement	ltoken	mcc	0.6205592349854678
merged_train	Measurement	ltoken	mcc	0.6259019665094089
merged_train	Modifier	ltoken	mcc	0.6182214550970017
merged_train	Modifier	ltoken	mcc	0.6144184847706369
merged_train	Modifier	ltoken	mcc	0.6189512590081848
merged_train	Modifier	ltoken	mcc	0.6205592349854678
merged_train	Modifier	ltoken	mcc	0.6259019665094089
merged_train	Mood	ltoken	mcc	0.6182214550970017
merged_train	Mood	ltoken	mcc	0.6144184847706369
merged_train	Mood	ltoken	mcc	0.6189512590081848
merged_train	Mood	ltoken	mcc	0.6205592349854678
merged_train	Mood	ltoken	mcc	0.6259019665094089
merged_train	Multiplier	ltoken	mcc	0.6182214550970017
merged_train	Multiplier	ltoken	mcc	0.6144184847706369
merged_train	Multiplier	ltoken	mcc	0.6189512590081848
merged_train	Multiplier	ltoken	mcc	0.6205592349854678
merged_train	Multiplier	ltoken	mcc	0.6259019665094089
merged_train	Negation	ltoken	mcc	0.6182214550970017
merged_train	Negation	ltoken	mcc	0.6144184847706369
merged_train	Negation	ltoken	mcc	0.6189512590081848
merged_train	Negation	ltoken	mcc	0.6205592349854678
merged_train	Negation	ltoken	mcc	0.6259019665094089
merged_train	Non-query-able	ltoken	mcc	0.6182214550970017
merged_train	Non-query-able	ltoken	mcc	0.6144184847706369
merged_train	Non-query-able	ltoken	mcc	0.6189512590081848
merged_train	Non-query-able	ltoken	mcc	0.6205592349854678
merged_train	Non-query-able	ltoken	mcc	0.6259019665094089
merged_train	Non-representable	ltoken	mcc	0.6182214550970017
merged_train	Non-representable	ltoken	mcc	0.6144184847706369
merged_train	Non-representable	ltoken	mcc	0.6189512590081848
merged_train	Non-representable	ltoken	mcc	0.6205592349854678
merged_train	Non-representable	ltoken	mcc	0.6259019665094089
merged_train	Not_a_criteria	ltoken	mcc	0.6182214550970017
merged_train	Not_a_criteria	ltoken	mcc	0.6144184847706369
merged_train	Not_a_criteria	ltoken	mcc	0.6189512590081848
merged_train	Not_a_criteria	ltoken	mcc	0.6205592349854678
merged_train	Not_a_criteria	ltoken	mcc	0.6259019665094089
merged_train	Observation	ltoken	mcc	0.6182214550970017
merged_train	Observation	ltoken	mcc	0.6144184847706369
merged_train	Observation	ltoken	mcc	0.6189512590081848
merged_train	Observation	ltoken	mcc	0.6205592349854678
merged_train	Observation	ltoken	mcc	0.6259019665094089
merged_train	OrganismTaxon	ltoken	mcc	0.6182214550970017
merged_train	OrganismTaxon	ltoken	mcc	0.6144184847706369
merged_train	OrganismTaxon	ltoken	mcc	0.6189512590081848
merged_train	OrganismTaxon	ltoken	mcc	0.6205592349854678
merged_train	OrganismTaxon	ltoken	mcc	0.6259019665094089
merged_train	Parsing_Error	ltoken	mcc	0.6182214550970017
merged_train	Parsing_Error	ltoken	mcc	0.6144184847706369
merged_train	Parsing_Error	ltoken	mcc	0.6189512590081848
merged_train	Parsing_Error	ltoken	mcc	0.6205592349854678
merged_train	Parsing_Error	ltoken	mcc	0.6259019665094089
merged_train	Person	ltoken	mcc	0.6182214550970017
merged_train	Person	ltoken	mcc	0.6144184847706369
merged_train	Person	ltoken	mcc	0.6189512590081848
merged_train	Person	ltoken	mcc	0.6205592349854678
merged_train	Person	ltoken	mcc	0.6259019665094089
merged_train	Post-eligibility	ltoken	mcc	0.6182214550970017
merged_train	Post-eligibility	ltoken	mcc	0.6144184847706369
merged_train	Post-eligibility	ltoken	mcc	0.6189512590081848
merged_train	Post-eligibility	ltoken	mcc	0.6205592349854678
merged_train	Post-eligibility	ltoken	mcc	0.6259019665094089
merged_train	Pregnancy_considerations	ltoken	mcc	0.6182214550970017
merged_train	Pregnancy_considerations	ltoken	mcc	0.6144184847706369
merged_train	Pregnancy_considerations	ltoken	mcc	0.6189512590081848
merged_train	Pregnancy_considerations	ltoken	mcc	0.6205592349854678
merged_train	Pregnancy_considerations	ltoken	mcc	0.6259019665094089
merged_train	Procedure	ltoken	mcc	0.6182214550970017
merged_train	Procedure	ltoken	mcc	0.6144184847706369
merged_train	Procedure	ltoken	mcc	0.6189512590081848
merged_train	Procedure	ltoken	mcc	0.6205592349854678
merged_train	Procedure	ltoken	mcc	0.6259019665094089
merged_train	Qualifier	ltoken	mcc	0.6182214550970017
merged_train	Qualifier	ltoken	mcc	0.6144184847706369
merged_train	Qualifier	ltoken	mcc	0.6189512590081848
merged_train	Qualifier	ltoken	mcc	0.6205592349854678
merged_train	Qualifier	ltoken	mcc	0.6259019665094089
merged_train	Reference_point	ltoken	mcc	0.6182214550970017
merged_train	Reference_point	ltoken	mcc	0.6144184847706369
merged_train	Reference_point	ltoken	mcc	0.6189512590081848
merged_train	Reference_point	ltoken	mcc	0.6205592349854678
merged_train	Reference_point	ltoken	mcc	0.6259019665094089
merged_train	SequenceVariant	ltoken	mcc	0.6182214550970017
merged_train	SequenceVariant	ltoken	mcc	0.6144184847706369
merged_train	SequenceVariant	ltoken	mcc	0.6189512590081848
merged_train	SequenceVariant	ltoken	mcc	0.6205592349854678
merged_train	SequenceVariant	ltoken	mcc	0.6259019665094089
merged_train	SpecificDisease	ltoken	mcc	0.6182214550970017
merged_train	SpecificDisease	ltoken	mcc	0.6144184847706369
merged_train	SpecificDisease	ltoken	mcc	0.6189512590081848
merged_train	SpecificDisease	ltoken	mcc	0.6205592349854678
merged_train	SpecificDisease	ltoken	mcc	0.6259019665094089
merged_train	Subjective_judgement	ltoken	mcc	0.6182214550970017
merged_train	Subjective_judgement	ltoken	mcc	0.6144184847706369
merged_train	Subjective_judgement	ltoken	mcc	0.6189512590081848
merged_train	Subjective_judgement	ltoken	mcc	0.6205592349854678
merged_train	Subjective_judgement	ltoken	mcc	0.6259019665094089
merged_train	Temporal	ltoken	mcc	0.6182214550970017
merged_train	Temporal	ltoken	mcc	0.6144184847706369
merged_train	Temporal	ltoken	mcc	0.6189512590081848
merged_train	Temporal	ltoken	mcc	0.6205592349854678
merged_train	Temporal	ltoken	mcc	0.6259019665094089
merged_train	Undefined_semantics	ltoken	mcc	0.6182214550970017
merged_train	Undefined_semantics	ltoken	mcc	0.6144184847706369
merged_train	Undefined_semantics	ltoken	mcc	0.6189512590081848
merged_train	Undefined_semantics	ltoken	mcc	0.6205592349854678
merged_train	Undefined_semantics	ltoken	mcc	0.6259019665094089
merged_train	Value	ltoken	mcc	0.6182214550970017
merged_train	Value	ltoken	mcc	0.6144184847706369
merged_train	Value	ltoken	mcc	0.6189512590081848
merged_train	Value	ltoken	mcc	0.6205592349854678
merged_train	Value	ltoken	mcc	0.6259019665094089
merged_train	Visit	ltoken	mcc	0.6182214550970017
merged_train	Visit	ltoken	mcc	0.6144184847706369
merged_train	Visit	ltoken	mcc	0.6189512590081848
merged_train	Visit	ltoken	mcc	0.6205592349854678
merged_train	Visit	ltoken	mcc	0.6259019665094089
merged_train	c-Requires_causality	ltoken	mcc	0.6182214550970017
merged_train	c-Requires_causality	ltoken	mcc	0.6144184847706369
merged_train	c-Requires_causality	ltoken	mcc	0.6189512590081848
merged_train	c-Requires_causality	ltoken	mcc	0.6205592349854678
merged_train	c-Requires_causality	ltoken	mcc	0.6259019665094089
merged_train	CellLine	ltoken	f1-score	0.0
merged_train	CellLine	ltoken	f1-score	0.0
merged_train	CellLine	ltoken	f1-score	0.0
merged_train	CellLine	ltoken	f1-score	0.0
merged_train	CellLine	ltoken	f1-score	0.0
merged_train	Chemical	ltoken	f1-score	0.9129459836555712
merged_train	Chemical	ltoken	f1-score	0.9158175340691098
merged_train	Chemical	ltoken	f1-score	0.9137622877569258
merged_train	Chemical	ltoken	f1-score	0.9180384682030844
merged_train	Chemical	ltoken	f1-score	0.9162524850894632
merged_train	ChemicalEntity	ltoken	f1-score	0.0298618887644643
merged_train	ChemicalEntity	ltoken	f1-score	0.0236336779911373
merged_train	ChemicalEntity	ltoken	f1-score	0.0015232292460015
merged_train	ChemicalEntity	ltoken	f1-score	0.0196078431372549
merged_train	ChemicalEntity	ltoken	f1-score	0.0172349194454852
merged_train	Competing_trial	ltoken	f1-score	0.2700228832951945
merged_train	Competing_trial	ltoken	f1-score	0.3102766798418972
merged_train	Competing_trial	ltoken	f1-score	0.2732362821948488
merged_train	Competing_trial	ltoken	f1-score	0.3744292237442922
merged_train	Competing_trial	ltoken	f1-score	0.3766105054509415
merged_train	CompositeMention	ltoken	f1-score	0.5897435897435898
merged_train	CompositeMention	ltoken	f1-score	0.5673352435530086
merged_train	CompositeMention	ltoken	f1-score	0.5464788732394367
merged_train	CompositeMention	ltoken	f1-score	0.5911602209944752
merged_train	CompositeMention	ltoken	f1-score	0.5409836065573771
merged_train	Condition	ltoken	f1-score	0.7982349934081309
merged_train	Condition	ltoken	f1-score	0.7993131573298992
merged_train	Condition	ltoken	f1-score	0.8121023312300341
merged_train	Condition	ltoken	f1-score	0.8015234185079142
merged_train	Condition	ltoken	f1-score	0.809855782023309
merged_train	Context_Error	ltoken	f1-score	0.0
merged_train	Context_Error	ltoken	f1-score	0.072072072072072
merged_train	Context_Error	ltoken	f1-score	0.0104166666666666
merged_train	Context_Error	ltoken	f1-score	0.0
merged_train	Context_Error	ltoken	f1-score	0.0
merged_train	Device	ltoken	f1-score	0.5726227795193313
merged_train	Device	ltoken	f1-score	0.510158013544018
merged_train	Device	ltoken	f1-score	0.5723270440251572
merged_train	Device	ltoken	f1-score	0.5814696485623003
merged_train	Device	ltoken	f1-score	0.6048472075869337
merged_train	Disease	ltoken	f1-score	0.9116918844566712
merged_train	Disease	ltoken	f1-score	0.9102489512202592
merged_train	Disease	ltoken	f1-score	0.9079784481446532
merged_train	Disease	ltoken	f1-score	0.9105671129630196
merged_train	Disease	ltoken	f1-score	0.9188745247148288
merged_train	DiseaseClass	ltoken	f1-score	0.5870413739266198
merged_train	DiseaseClass	ltoken	f1-score	0.5871244635193134
merged_train	DiseaseClass	ltoken	f1-score	0.5443583118001722
merged_train	DiseaseClass	ltoken	f1-score	0.5898078529657477
merged_train	DiseaseClass	ltoken	f1-score	0.5933884297520661
merged_train	DiseaseOrPhenotypicFeature	ltoken	f1-score	0.0068819481206987
merged_train	DiseaseOrPhenotypicFeature	ltoken	f1-score	0.0
merged_train	DiseaseOrPhenotypicFeature	ltoken	f1-score	0.0010641127959563
merged_train	DiseaseOrPhenotypicFeature	ltoken	f1-score	0.0
merged_train	DiseaseOrPhenotypicFeature	ltoken	f1-score	0.0021339023739663
merged_train	Drug	ltoken	f1-score	0.7998016435250779
merged_train	Drug	ltoken	f1-score	0.8029092983456931
merged_train	Drug	ltoken	f1-score	0.7938787351319988
merged_train	Drug	ltoken	f1-score	0.7955266955266955
merged_train	Drug	ltoken	f1-score	0.8087672010214215
merged_train	GeneOrGeneProduct	ltoken	f1-score	0.0018210789893011
merged_train	GeneOrGeneProduct	ltoken	f1-score	0.0109314506946025
merged_train	GeneOrGeneProduct	ltoken	f1-score	0.0063897763578274
merged_train	GeneOrGeneProduct	ltoken	f1-score	0.0095584888484296
merged_train	GeneOrGeneProduct	ltoken	f1-score	0.0022846698652044
merged_train	Grammar_Error	ltoken	f1-score	0.125
merged_train	Grammar_Error	ltoken	f1-score	0.0
merged_train	Grammar_Error	ltoken	f1-score	0.0
merged_train	Grammar_Error	ltoken	f1-score	0.0
merged_train	Grammar_Error	ltoken	f1-score	0.0
merged_train	Informed_consent	ltoken	f1-score	0.5434140578854105
merged_train	Informed_consent	ltoken	f1-score	0.5401709401709401
merged_train	Informed_consent	ltoken	f1-score	0.5706117781589479
merged_train	Informed_consent	ltoken	f1-score	0.4947172156619018
merged_train	Informed_consent	ltoken	f1-score	0.5712737127371273
merged_train	Intoxication_considerations	ltoken	f1-score	0.0
merged_train	Intoxication_considerations	ltoken	f1-score	0.0
merged_train	Intoxication_considerations	ltoken	f1-score	0.0
merged_train	Intoxication_considerations	ltoken	f1-score	0.0
merged_train	Intoxication_considerations	ltoken	f1-score	0.0
merged_train	Line	ltoken	f1-score	0.0
merged_train	Line	ltoken	f1-score	0.0161943319838056
merged_train	Line	ltoken	f1-score	0.0
merged_train	Line	ltoken	f1-score	0.0
merged_train	Line	ltoken	f1-score	0.0359712230215827
merged_train	Measurement	ltoken	f1-score	0.7385892116182573
merged_train	Measurement	ltoken	f1-score	0.7270722293696011
merged_train	Measurement	ltoken	f1-score	0.7376325088339223
merged_train	Measurement	ltoken	f1-score	0.7396602330338877
merged_train	Measurement	ltoken	f1-score	0.7375873971147889
merged_train	Modifier	ltoken	f1-score	0.7546317216448261
merged_train	Modifier	ltoken	f1-score	0.7618164967562558
merged_train	Modifier	ltoken	f1-score	0.73914949583516
merged_train	Modifier	ltoken	f1-score	0.6821271491403439
merged_train	Modifier	ltoken	f1-score	0.7541424093148231
merged_train	Mood	ltoken	f1-score	0.4015009380863039
merged_train	Mood	ltoken	f1-score	0.3373737373737374
merged_train	Mood	ltoken	f1-score	0.3276955602536998
merged_train	Mood	ltoken	f1-score	0.3353293413173652
merged_train	Mood	ltoken	f1-score	0.3570057581573896
merged_train	Multiplier	ltoken	f1-score	0.4682080924855491
merged_train	Multiplier	ltoken	f1-score	0.4570596797671033
merged_train	Multiplier	ltoken	f1-score	0.4635568513119533
merged_train	Multiplier	ltoken	f1-score	0.4748299319727891
merged_train	Multiplier	ltoken	f1-score	0.4772413793103448
merged_train	Negation	ltoken	f1-score	0.4405182567726737
merged_train	Negation	ltoken	f1-score	0.4107142857142857
merged_train	Negation	ltoken	f1-score	0.4399524375743163
merged_train	Negation	ltoken	f1-score	0.4330616996507567
merged_train	Negation	ltoken	f1-score	0.4330357142857143
merged_train	Non-query-able	ltoken	f1-score	0.3147804576376005
merged_train	Non-query-able	ltoken	f1-score	0.2385454545454545
merged_train	Non-query-able	ltoken	f1-score	0.2773381294964028
merged_train	Non-query-able	ltoken	f1-score	0.2862259850211657
merged_train	Non-query-able	ltoken	f1-score	0.2510150044130627
merged_train	Non-representable	ltoken	f1-score	0.0934523809523809
merged_train	Non-representable	ltoken	f1-score	0.059322033898305
merged_train	Non-representable	ltoken	f1-score	0.0685471640885653
merged_train	Non-representable	ltoken	f1-score	0.0950617283950617
merged_train	Non-representable	ltoken	f1-score	0.0638432364096081
merged_train	Not_a_criteria	ltoken	f1-score	0.0
merged_train	Not_a_criteria	ltoken	f1-score	0.0
merged_train	Not_a_criteria	ltoken	f1-score	0.0
merged_train	Not_a_criteria	ltoken	f1-score	0.0
merged_train	Not_a_criteria	ltoken	f1-score	0.0
merged_train	Observation	ltoken	f1-score	0.2745353765895011
merged_train	Observation	ltoken	f1-score	0.2572786690433749
merged_train	Observation	ltoken	f1-score	0.2654257152705963
merged_train	Observation	ltoken	f1-score	0.2746807848022423
merged_train	Observation	ltoken	f1-score	0.2721854304635762
merged_train	OrganismTaxon	ltoken	f1-score	0.0
merged_train	OrganismTaxon	ltoken	f1-score	0.0
merged_train	OrganismTaxon	ltoken	f1-score	0.0
merged_train	OrganismTaxon	ltoken	f1-score	0.0
merged_train	OrganismTaxon	ltoken	f1-score	0.0
merged_train	Parsing_Error	ltoken	f1-score	0.4104046242774566
merged_train	Parsing_Error	ltoken	f1-score	0.6132596685082873
merged_train	Parsing_Error	ltoken	f1-score	0.4137931034482758
merged_train	Parsing_Error	ltoken	f1-score	0.4135802469135802
merged_train	Parsing_Error	ltoken	f1-score	0.4231884057971014
merged_train	Person	ltoken	f1-score	0.6377519853390348
merged_train	Person	ltoken	f1-score	0.5998707175177763
merged_train	Person	ltoken	f1-score	0.6339987900786449
merged_train	Person	ltoken	f1-score	0.650314465408805
merged_train	Person	ltoken	f1-score	0.6409458618543871
merged_train	Post-eligibility	ltoken	f1-score	0.2905065414290506
merged_train	Post-eligibility	ltoken	f1-score	0.3102529960053262
merged_train	Post-eligibility	ltoken	f1-score	0.3340510612119348
merged_train	Post-eligibility	ltoken	f1-score	0.3080824088748019
merged_train	Post-eligibility	ltoken	f1-score	0.3116966580976864
merged_train	Pregnancy_considerations	ltoken	f1-score	0.4649725274725275
merged_train	Pregnancy_considerations	ltoken	f1-score	0.5083932853717026
merged_train	Pregnancy_considerations	ltoken	f1-score	0.5
merged_train	Pregnancy_considerations	ltoken	f1-score	0.5415617128463476
merged_train	Pregnancy_considerations	ltoken	f1-score	0.544344473007712
merged_train	Procedure	ltoken	f1-score	0.6623298638911129
merged_train	Procedure	ltoken	f1-score	0.6619586665281961
merged_train	Procedure	ltoken	f1-score	0.6722574353973672
merged_train	Procedure	ltoken	f1-score	0.6640893470790378
merged_train	Procedure	ltoken	f1-score	0.6726947535771065
merged_train	Qualifier	ltoken	f1-score	0.4336425978217023
merged_train	Qualifier	ltoken	f1-score	0.4257639674863669
merged_train	Qualifier	ltoken	f1-score	0.4243542435424354
merged_train	Qualifier	ltoken	f1-score	0.457701062215478
merged_train	Qualifier	ltoken	f1-score	0.4362366387977563
merged_train	Reference_point	ltoken	f1-score	0.0
merged_train	Reference_point	ltoken	f1-score	0.0
merged_train	Reference_point	ltoken	f1-score	0.0
merged_train	Reference_point	ltoken	f1-score	0.0
merged_train	Reference_point	ltoken	f1-score	0.0
merged_train	SequenceVariant	ltoken	f1-score	0.0
merged_train	SequenceVariant	ltoken	f1-score	0.0
merged_train	SequenceVariant	ltoken	f1-score	0.0
merged_train	SequenceVariant	ltoken	f1-score	0.0
merged_train	SequenceVariant	ltoken	f1-score	0.0
merged_train	SpecificDisease	ltoken	f1-score	0.6916401504194388
merged_train	SpecificDisease	ltoken	f1-score	0.6764582459085187
merged_train	SpecificDisease	ltoken	f1-score	0.6796919566457501
merged_train	SpecificDisease	ltoken	f1-score	0.6783119060927892
merged_train	SpecificDisease	ltoken	f1-score	0.6930967563071805
merged_train	Subjective_judgement	ltoken	f1-score	0.0
merged_train	Subjective_judgement	ltoken	f1-score	0.064
merged_train	Subjective_judgement	ltoken	f1-score	0.0952380952380952
merged_train	Subjective_judgement	ltoken	f1-score	0.0
merged_train	Subjective_judgement	ltoken	f1-score	0.0184331797235023
merged_train	Temporal	ltoken	f1-score	0.6692763672967229
merged_train	Temporal	ltoken	f1-score	0.6726739767669091
merged_train	Temporal	ltoken	f1-score	0.6641569701117955
merged_train	Temporal	ltoken	f1-score	0.6763018534863195
merged_train	Temporal	ltoken	f1-score	0.6755407653910149
merged_train	Undefined_semantics	ltoken	f1-score	0.0
merged_train	Undefined_semantics	ltoken	f1-score	0.0
merged_train	Undefined_semantics	ltoken	f1-score	0.0254777070063694
merged_train	Undefined_semantics	ltoken	f1-score	0.0
merged_train	Undefined_semantics	ltoken	f1-score	0.0
merged_train	Value	ltoken	f1-score	0.7785246320088488
merged_train	Value	ltoken	f1-score	0.781681198679421
merged_train	Value	ltoken	f1-score	0.7758137906895345
merged_train	Value	ltoken	f1-score	0.7821928527954091
merged_train	Value	ltoken	f1-score	0.7793539565886173
merged_train	Visit	ltoken	f1-score	0.7685185185185185
merged_train	Visit	ltoken	f1-score	0.7267441860465116
merged_train	Visit	ltoken	f1-score	0.7816793893129771
merged_train	Visit	ltoken	f1-score	0.7526236881559221
merged_train	Visit	ltoken	f1-score	0.7317073170731707
merged_train	c-Requires_causality	ltoken	f1-score	0.0
merged_train	c-Requires_causality	ltoken	f1-score	0.0
merged_train	c-Requires_causality	ltoken	f1-score	0.0
merged_train	c-Requires_causality	ltoken	f1-score	0.0
merged_train	c-Requires_causality	ltoken	f1-score	0.0
merged_train	CellLine	lword	mcc	0.5691152581333283
merged_train	CellLine	lword	mcc	0.5629730710435662
merged_train	CellLine	lword	mcc	0.568994896673438
merged_train	CellLine	lword	mcc	0.5698591597967108
merged_train	CellLine	lword	mcc	0.5772998886445573
merged_train	Chemical	lword	mcc	0.5691152581333283
merged_train	Chemical	lword	mcc	0.5629730710435662
merged_train	Chemical	lword	mcc	0.568994896673438
merged_train	Chemical	lword	mcc	0.5698591597967108
merged_train	Chemical	lword	mcc	0.5772998886445573
merged_train	ChemicalEntity	lword	mcc	0.5691152581333283
merged_train	ChemicalEntity	lword	mcc	0.5629730710435662
merged_train	ChemicalEntity	lword	mcc	0.568994896673438
merged_train	ChemicalEntity	lword	mcc	0.5698591597967108
merged_train	ChemicalEntity	lword	mcc	0.5772998886445573
merged_train	Competing_trial	lword	mcc	0.5691152581333283
merged_train	Competing_trial	lword	mcc	0.5629730710435662
merged_train	Competing_trial	lword	mcc	0.568994896673438
merged_train	Competing_trial	lword	mcc	0.5698591597967108
merged_train	Competing_trial	lword	mcc	0.5772998886445573
merged_train	CompositeMention	lword	mcc	0.5691152581333283
merged_train	CompositeMention	lword	mcc	0.5629730710435662
merged_train	CompositeMention	lword	mcc	0.568994896673438
merged_train	CompositeMention	lword	mcc	0.5698591597967108
merged_train	CompositeMention	lword	mcc	0.5772998886445573
merged_train	Condition	lword	mcc	0.5691152581333283
merged_train	Condition	lword	mcc	0.5629730710435662
merged_train	Condition	lword	mcc	0.568994896673438
merged_train	Condition	lword	mcc	0.5698591597967108
merged_train	Condition	lword	mcc	0.5772998886445573
merged_train	Context_Error	lword	mcc	0.5691152581333283
merged_train	Context_Error	lword	mcc	0.5629730710435662
merged_train	Context_Error	lword	mcc	0.568994896673438
merged_train	Context_Error	lword	mcc	0.5698591597967108
merged_train	Context_Error	lword	mcc	0.5772998886445573
merged_train	Device	lword	mcc	0.5691152581333283
merged_train	Device	lword	mcc	0.5629730710435662
merged_train	Device	lword	mcc	0.568994896673438
merged_train	Device	lword	mcc	0.5698591597967108
merged_train	Device	lword	mcc	0.5772998886445573
merged_train	Disease	lword	mcc	0.5691152581333283
merged_train	Disease	lword	mcc	0.5629730710435662
merged_train	Disease	lword	mcc	0.568994896673438
merged_train	Disease	lword	mcc	0.5698591597967108
merged_train	Disease	lword	mcc	0.5772998886445573
merged_train	DiseaseClass	lword	mcc	0.5691152581333283
merged_train	DiseaseClass	lword	mcc	0.5629730710435662
merged_train	DiseaseClass	lword	mcc	0.568994896673438
merged_train	DiseaseClass	lword	mcc	0.5698591597967108
merged_train	DiseaseClass	lword	mcc	0.5772998886445573
merged_train	DiseaseOrPhenotypicFeature	lword	mcc	0.5691152581333283
merged_train	DiseaseOrPhenotypicFeature	lword	mcc	0.5629730710435662
merged_train	DiseaseOrPhenotypicFeature	lword	mcc	0.568994896673438
merged_train	DiseaseOrPhenotypicFeature	lword	mcc	0.5698591597967108
merged_train	DiseaseOrPhenotypicFeature	lword	mcc	0.5772998886445573
merged_train	Drug	lword	mcc	0.5691152581333283
merged_train	Drug	lword	mcc	0.5629730710435662
merged_train	Drug	lword	mcc	0.568994896673438
merged_train	Drug	lword	mcc	0.5698591597967108
merged_train	Drug	lword	mcc	0.5772998886445573
merged_train	GeneOrGeneProduct	lword	mcc	0.5691152581333283
merged_train	GeneOrGeneProduct	lword	mcc	0.5629730710435662
merged_train	GeneOrGeneProduct	lword	mcc	0.568994896673438
merged_train	GeneOrGeneProduct	lword	mcc	0.5698591597967108
merged_train	GeneOrGeneProduct	lword	mcc	0.5772998886445573
merged_train	Grammar_Error	lword	mcc	0.5691152581333283
merged_train	Grammar_Error	lword	mcc	0.5629730710435662
merged_train	Grammar_Error	lword	mcc	0.568994896673438
merged_train	Grammar_Error	lword	mcc	0.5698591597967108
merged_train	Grammar_Error	lword	mcc	0.5772998886445573
merged_train	Informed_consent	lword	mcc	0.5691152581333283
merged_train	Informed_consent	lword	mcc	0.5629730710435662
merged_train	Informed_consent	lword	mcc	0.568994896673438
merged_train	Informed_consent	lword	mcc	0.5698591597967108
merged_train	Informed_consent	lword	mcc	0.5772998886445573
merged_train	Intoxication_considerations	lword	mcc	0.5691152581333283
merged_train	Intoxication_considerations	lword	mcc	0.5629730710435662
merged_train	Intoxication_considerations	lword	mcc	0.568994896673438
merged_train	Intoxication_considerations	lword	mcc	0.5698591597967108
merged_train	Intoxication_considerations	lword	mcc	0.5772998886445573
merged_train	Line	lword	mcc	0.5691152581333283
merged_train	Line	lword	mcc	0.5629730710435662
merged_train	Line	lword	mcc	0.568994896673438
merged_train	Line	lword	mcc	0.5698591597967108
merged_train	Line	lword	mcc	0.5772998886445573
merged_train	Measurement	lword	mcc	0.5691152581333283
merged_train	Measurement	lword	mcc	0.5629730710435662
merged_train	Measurement	lword	mcc	0.568994896673438
merged_train	Measurement	lword	mcc	0.5698591597967108
merged_train	Measurement	lword	mcc	0.5772998886445573
merged_train	Modifier	lword	mcc	0.5691152581333283
merged_train	Modifier	lword	mcc	0.5629730710435662
merged_train	Modifier	lword	mcc	0.568994896673438
merged_train	Modifier	lword	mcc	0.5698591597967108
merged_train	Modifier	lword	mcc	0.5772998886445573
merged_train	Mood	lword	mcc	0.5691152581333283
merged_train	Mood	lword	mcc	0.5629730710435662
merged_train	Mood	lword	mcc	0.568994896673438
merged_train	Mood	lword	mcc	0.5698591597967108
merged_train	Mood	lword	mcc	0.5772998886445573
merged_train	Multiplier	lword	mcc	0.5691152581333283
merged_train	Multiplier	lword	mcc	0.5629730710435662
merged_train	Multiplier	lword	mcc	0.568994896673438
merged_train	Multiplier	lword	mcc	0.5698591597967108
merged_train	Multiplier	lword	mcc	0.5772998886445573
merged_train	Negation	lword	mcc	0.5691152581333283
merged_train	Negation	lword	mcc	0.5629730710435662
merged_train	Negation	lword	mcc	0.568994896673438
merged_train	Negation	lword	mcc	0.5698591597967108
merged_train	Negation	lword	mcc	0.5772998886445573
merged_train	Non-query-able	lword	mcc	0.5691152581333283
merged_train	Non-query-able	lword	mcc	0.5629730710435662
merged_train	Non-query-able	lword	mcc	0.568994896673438
merged_train	Non-query-able	lword	mcc	0.5698591597967108
merged_train	Non-query-able	lword	mcc	0.5772998886445573
merged_train	Non-representable	lword	mcc	0.5691152581333283
merged_train	Non-representable	lword	mcc	0.5629730710435662
merged_train	Non-representable	lword	mcc	0.568994896673438
merged_train	Non-representable	lword	mcc	0.5698591597967108
merged_train	Non-representable	lword	mcc	0.5772998886445573
merged_train	Not_a_criteria	lword	mcc	0.5691152581333283
merged_train	Not_a_criteria	lword	mcc	0.5629730710435662
merged_train	Not_a_criteria	lword	mcc	0.568994896673438
merged_train	Not_a_criteria	lword	mcc	0.5698591597967108
merged_train	Not_a_criteria	lword	mcc	0.5772998886445573
merged_train	Observation	lword	mcc	0.5691152581333283
merged_train	Observation	lword	mcc	0.5629730710435662
merged_train	Observation	lword	mcc	0.568994896673438
merged_train	Observation	lword	mcc	0.5698591597967108
merged_train	Observation	lword	mcc	0.5772998886445573
merged_train	OrganismTaxon	lword	mcc	0.5691152581333283
merged_train	OrganismTaxon	lword	mcc	0.5629730710435662
merged_train	OrganismTaxon	lword	mcc	0.568994896673438
merged_train	OrganismTaxon	lword	mcc	0.5698591597967108
merged_train	OrganismTaxon	lword	mcc	0.5772998886445573
merged_train	Parsing_Error	lword	mcc	0.5691152581333283
merged_train	Parsing_Error	lword	mcc	0.5629730710435662
merged_train	Parsing_Error	lword	mcc	0.568994896673438
merged_train	Parsing_Error	lword	mcc	0.5698591597967108
merged_train	Parsing_Error	lword	mcc	0.5772998886445573
merged_train	Person	lword	mcc	0.5691152581333283
merged_train	Person	lword	mcc	0.5629730710435662
merged_train	Person	lword	mcc	0.568994896673438
merged_train	Person	lword	mcc	0.5698591597967108
merged_train	Person	lword	mcc	0.5772998886445573
merged_train	Post-eligibility	lword	mcc	0.5691152581333283
merged_train	Post-eligibility	lword	mcc	0.5629730710435662
merged_train	Post-eligibility	lword	mcc	0.568994896673438
merged_train	Post-eligibility	lword	mcc	0.5698591597967108
merged_train	Post-eligibility	lword	mcc	0.5772998886445573
merged_train	Pregnancy_considerations	lword	mcc	0.5691152581333283
merged_train	Pregnancy_considerations	lword	mcc	0.5629730710435662
merged_train	Pregnancy_considerations	lword	mcc	0.568994896673438
merged_train	Pregnancy_considerations	lword	mcc	0.5698591597967108
merged_train	Pregnancy_considerations	lword	mcc	0.5772998886445573
merged_train	Procedure	lword	mcc	0.5691152581333283
merged_train	Procedure	lword	mcc	0.5629730710435662
merged_train	Procedure	lword	mcc	0.568994896673438
merged_train	Procedure	lword	mcc	0.5698591597967108
merged_train	Procedure	lword	mcc	0.5772998886445573
merged_train	Qualifier	lword	mcc	0.5691152581333283
merged_train	Qualifier	lword	mcc	0.5629730710435662
merged_train	Qualifier	lword	mcc	0.568994896673438
merged_train	Qualifier	lword	mcc	0.5698591597967108
merged_train	Qualifier	lword	mcc	0.5772998886445573
merged_train	Reference_point	lword	mcc	0.5691152581333283
merged_train	Reference_point	lword	mcc	0.5629730710435662
merged_train	Reference_point	lword	mcc	0.568994896673438
merged_train	Reference_point	lword	mcc	0.5698591597967108
merged_train	Reference_point	lword	mcc	0.5772998886445573
merged_train	SequenceVariant	lword	mcc	0.5691152581333283
merged_train	SequenceVariant	lword	mcc	0.5629730710435662
merged_train	SequenceVariant	lword	mcc	0.568994896673438
merged_train	SequenceVariant	lword	mcc	0.5698591597967108
merged_train	SequenceVariant	lword	mcc	0.5772998886445573
merged_train	SpecificDisease	lword	mcc	0.5691152581333283
merged_train	SpecificDisease	lword	mcc	0.5629730710435662
merged_train	SpecificDisease	lword	mcc	0.568994896673438
merged_train	SpecificDisease	lword	mcc	0.5698591597967108
merged_train	SpecificDisease	lword	mcc	0.5772998886445573
merged_train	Subjective_judgement	lword	mcc	0.5691152581333283
merged_train	Subjective_judgement	lword	mcc	0.5629730710435662
merged_train	Subjective_judgement	lword	mcc	0.568994896673438
merged_train	Subjective_judgement	lword	mcc	0.5698591597967108
merged_train	Subjective_judgement	lword	mcc	0.5772998886445573
merged_train	Temporal	lword	mcc	0.5691152581333283
merged_train	Temporal	lword	mcc	0.5629730710435662
merged_train	Temporal	lword	mcc	0.568994896673438
merged_train	Temporal	lword	mcc	0.5698591597967108
merged_train	Temporal	lword	mcc	0.5772998886445573
merged_train	Undefined_semantics	lword	mcc	0.5691152581333283
merged_train	Undefined_semantics	lword	mcc	0.5629730710435662
merged_train	Undefined_semantics	lword	mcc	0.568994896673438
merged_train	Undefined_semantics	lword	mcc	0.5698591597967108
merged_train	Undefined_semantics	lword	mcc	0.5772998886445573
merged_train	Value	lword	mcc	0.5691152581333283
merged_train	Value	lword	mcc	0.5629730710435662
merged_train	Value	lword	mcc	0.568994896673438
merged_train	Value	lword	mcc	0.5698591597967108
merged_train	Value	lword	mcc	0.5772998886445573
merged_train	Visit	lword	mcc	0.5691152581333283
merged_train	Visit	lword	mcc	0.5629730710435662
merged_train	Visit	lword	mcc	0.568994896673438
merged_train	Visit	lword	mcc	0.5698591597967108
merged_train	Visit	lword	mcc	0.5772998886445573
merged_train	c-Requires_causality	lword	mcc	0.5691152581333283
merged_train	c-Requires_causality	lword	mcc	0.5629730710435662
merged_train	c-Requires_causality	lword	mcc	0.568994896673438
merged_train	c-Requires_causality	lword	mcc	0.5698591597967108
merged_train	c-Requires_causality	lword	mcc	0.5772998886445573
merged_train	CellLine	lword	f1-score	0.0
merged_train	CellLine	lword	f1-score	0.0
merged_train	CellLine	lword	f1-score	0.0
merged_train	CellLine	lword	f1-score	0.0
merged_train	CellLine	lword	f1-score	0.0
merged_train	Chemical	lword	f1-score	0.8946733061717217
merged_train	Chemical	lword	f1-score	0.8991185112634672
merged_train	Chemical	lword	f1-score	0.894740790756996
merged_train	Chemical	lword	f1-score	0.9010857356795208
merged_train	Chemical	lword	f1-score	0.8984263233190272
merged_train	ChemicalEntity	lword	f1-score	0.0702439024390244
merged_train	ChemicalEntity	lword	f1-score	0.0545808966861598
merged_train	ChemicalEntity	lword	f1-score	0.0040609137055837
merged_train	ChemicalEntity	lword	f1-score	0.0495540138751238
merged_train	ChemicalEntity	lword	f1-score	0.0375865479723046
merged_train	Competing_trial	lword	f1-score	0.263764404609475
merged_train	Competing_trial	lword	f1-score	0.3117453347969264
merged_train	Competing_trial	lword	f1-score	0.2814814814814815
merged_train	Competing_trial	lword	f1-score	0.3828920570264765
merged_train	Competing_trial	lword	f1-score	0.3836824696802646
merged_train	CompositeMention	lword	f1-score	0.647887323943662
merged_train	CompositeMention	lword	f1-score	0.6358974358974359
merged_train	CompositeMention	lword	f1-score	0.6192893401015228
merged_train	CompositeMention	lword	f1-score	0.6536585365853659
merged_train	CompositeMention	lword	f1-score	0.6183574879227053
merged_train	Condition	lword	f1-score	0.7703449590242043
merged_train	Condition	lword	f1-score	0.7713440808928742
merged_train	Condition	lword	f1-score	0.7884696114557582
merged_train	Condition	lword	f1-score	0.773905529953917
merged_train	Condition	lword	f1-score	0.7863803334275219
merged_train	Context_Error	lword	f1-score	0.0
merged_train	Context_Error	lword	f1-score	0.0748663101604278
merged_train	Context_Error	lword	f1-score	0.0123456790123456
merged_train	Context_Error	lword	f1-score	0.0
merged_train	Context_Error	lword	f1-score	0.0
merged_train	Device	lword	f1-score	0.571917808219178
merged_train	Device	lword	f1-score	0.4943820224719101
merged_train	Device	lword	f1-score	0.5748709122203098
merged_train	Device	lword	f1-score	0.5607142857142857
merged_train	Device	lword	f1-score	0.6055363321799307
merged_train	Disease	lword	f1-score	0.8965144137877734
merged_train	Disease	lword	f1-score	0.8930983619284217
merged_train	Disease	lword	f1-score	0.8931215299198025
merged_train	Disease	lword	f1-score	0.8915156699587837
merged_train	Disease	lword	f1-score	0.9055269428856946
merged_train	DiseaseClass	lword	f1-score	0.5927099841521395
merged_train	DiseaseClass	lword	f1-score	0.5781512605042017
merged_train	DiseaseClass	lword	f1-score	0.5664939550949913
merged_train	DiseaseClass	lword	f1-score	0.5907590759075908
merged_train	DiseaseClass	lword	f1-score	0.6029654036243822
merged_train	DiseaseOrPhenotypicFeature	lword	f1-score	0.0061274509803921
merged_train	DiseaseOrPhenotypicFeature	lword	f1-score	0.0
merged_train	DiseaseOrPhenotypicFeature	lword	f1-score	0.002466091245376
merged_train	DiseaseOrPhenotypicFeature	lword	f1-score	0.0
merged_train	DiseaseOrPhenotypicFeature	lword	f1-score	0.0036968576709796
merged_train	Drug	lword	f1-score	0.7529095792300806
merged_train	Drug	lword	f1-score	0.7506075334143378
merged_train	Drug	lword	f1-score	0.7386468952734013
merged_train	Drug	lword	f1-score	0.7408882082695253
merged_train	Drug	lword	f1-score	0.7639612807148176
merged_train	GeneOrGeneProduct	lword	f1-score	0.0021786492374727
merged_train	GeneOrGeneProduct	lword	f1-score	0.0141074335322843
merged_train	GeneOrGeneProduct	lword	f1-score	0.0076460950300382
merged_train	GeneOrGeneProduct	lword	f1-score	0.0151926207270754
merged_train	GeneOrGeneProduct	lword	f1-score	0.0032751091703056
merged_train	Grammar_Error	lword	f1-score	0.1333333333333333
merged_train	Grammar_Error	lword	f1-score	0.0
merged_train	Grammar_Error	lword	f1-score	0.0
merged_train	Grammar_Error	lword	f1-score	0.0
merged_train	Grammar_Error	lword	f1-score	0.0
merged_train	Informed_consent	lword	f1-score	0.5507955936352509
merged_train	Informed_consent	lword	f1-score	0.5469580626107502
merged_train	Informed_consent	lword	f1-score	0.5743162901307967
merged_train	Informed_consent	lword	f1-score	0.4987113402061855
merged_train	Informed_consent	lword	f1-score	0.5717501406865504
merged_train	Intoxication_considerations	lword	f1-score	0.0
merged_train	Intoxication_considerations	lword	f1-score	0.0
merged_train	Intoxication_considerations	lword	f1-score	0.0
merged_train	Intoxication_considerations	lword	f1-score	0.0
merged_train	Intoxication_considerations	lword	f1-score	0.0
merged_train	Line	lword	f1-score	0.0
merged_train	Line	lword	f1-score	0.0122699386503067
merged_train	Line	lword	f1-score	0.0
merged_train	Line	lword	f1-score	0.0
merged_train	Line	lword	f1-score	0.0346820809248554
merged_train	Measurement	lword	f1-score	0.7175188600167645
merged_train	Measurement	lword	f1-score	0.7064011379800853
merged_train	Measurement	lword	f1-score	0.7194225006810133
merged_train	Measurement	lword	f1-score	0.7218788627935723
merged_train	Measurement	lword	f1-score	0.719082719082719
merged_train	Modifier	lword	f1-score	0.7632058287795993
merged_train	Modifier	lword	f1-score	0.7689429373246024
merged_train	Modifier	lword	f1-score	0.7475813544415127
merged_train	Modifier	lword	f1-score	0.6897106109324759
merged_train	Modifier	lword	f1-score	0.7585585585585586
merged_train	Mood	lword	f1-score	0.4212860310421286
merged_train	Mood	lword	f1-score	0.3474065138721351
merged_train	Mood	lword	f1-score	0.3417721518987341
merged_train	Mood	lword	f1-score	0.3444976076555024
merged_train	Mood	lword	f1-score	0.3754266211604095
merged_train	Multiplier	lword	f1-score	0.4861693210393965
merged_train	Multiplier	lword	f1-score	0.4691780821917808
merged_train	Multiplier	lword	f1-score	0.4865771812080537
merged_train	Multiplier	lword	f1-score	0.491283676703645
merged_train	Multiplier	lword	f1-score	0.4931506849315068
merged_train	Negation	lword	f1-score	0.4770642201834862
merged_train	Negation	lword	f1-score	0.4539473684210526
merged_train	Negation	lword	f1-score	0.466973886328725
merged_train	Negation	lword	f1-score	0.4702290076335877
merged_train	Negation	lword	f1-score	0.4682080924855491
merged_train	Non-query-able	lword	f1-score	0.3258232235701906
merged_train	Non-query-able	lword	f1-score	0.2433537832310838
merged_train	Non-query-able	lword	f1-score	0.2840332724690607
merged_train	Non-query-able	lword	f1-score	0.2903998525889073
merged_train	Non-query-able	lword	f1-score	0.2550919517500494
merged_train	Non-representable	lword	f1-score	0.1026011560693641
merged_train	Non-representable	lword	f1-score	0.0633284241531664
merged_train	Non-representable	lword	f1-score	0.0712187958883994
merged_train	Non-representable	lword	f1-score	0.0986547085201793
merged_train	Non-representable	lword	f1-score	0.0655105973025048
merged_train	Not_a_criteria	lword	f1-score	0.0
merged_train	Not_a_criteria	lword	f1-score	0.0
merged_train	Not_a_criteria	lword	f1-score	0.0
merged_train	Not_a_criteria	lword	f1-score	0.0
merged_train	Not_a_criteria	lword	f1-score	0.0
merged_train	Observation	lword	f1-score	0.2696907216494845
merged_train	Observation	lword	f1-score	0.2538745387453874
merged_train	Observation	lword	f1-score	0.2659110723626852
merged_train	Observation	lword	f1-score	0.2702912621359223
merged_train	Observation	lword	f1-score	0.2678347934918648
merged_train	OrganismTaxon	lword	f1-score	0.0
merged_train	OrganismTaxon	lword	f1-score	0.0
merged_train	OrganismTaxon	lword	f1-score	0.0
merged_train	OrganismTaxon	lword	f1-score	0.0
merged_train	OrganismTaxon	lword	f1-score	0.0
merged_train	Parsing_Error	lword	f1-score	0.4316109422492401
merged_train	Parsing_Error	lword	f1-score	0.6361031518624641
merged_train	Parsing_Error	lword	f1-score	0.4262295081967213
merged_train	Parsing_Error	lword	f1-score	0.4308681672025723
merged_train	Parsing_Error	lword	f1-score	0.4376899696048632
merged_train	Person	lword	f1-score	0.6644474034620506
merged_train	Person	lword	f1-score	0.6341463414634146
merged_train	Person	lword	f1-score	0.6544262295081967
merged_train	Person	lword	f1-score	0.6725185685347738
merged_train	Person	lword	f1-score	0.6675639300134589
merged_train	Post-eligibility	lword	f1-score	0.302147797597379
merged_train	Post-eligibility	lword	f1-score	0.3191027496382055
merged_train	Post-eligibility	lword	f1-score	0.3415941058271936
merged_train	Post-eligibility	lword	f1-score	0.3174603174603174
merged_train	Post-eligibility	lword	f1-score	0.3197207678883071
merged_train	Pregnancy_considerations	lword	f1-score	0.4826732673267326
merged_train	Pregnancy_considerations	lword	f1-score	0.5243752560426055
merged_train	Pregnancy_considerations	lword	f1-score	0.5114965711980637
merged_train	Pregnancy_considerations	lword	f1-score	0.558756633813495
merged_train	Pregnancy_considerations	lword	f1-score	0.5556420233463035
merged_train	Procedure	lword	f1-score	0.6361579954759005
merged_train	Procedure	lword	f1-score	0.6300923411189571
merged_train	Procedure	lword	f1-score	0.6480107889413351
merged_train	Procedure	lword	f1-score	0.6342105263157894
merged_train	Procedure	lword	f1-score	0.6538329322791337
merged_train	Qualifier	lword	f1-score	0.418908164889384
merged_train	Qualifier	lword	f1-score	0.4076683598230378
merged_train	Qualifier	lword	f1-score	0.4063143445435827
merged_train	Qualifier	lword	f1-score	0.4438790781203232
merged_train	Qualifier	lword	f1-score	0.4233333333333333
merged_train	Reference_point	lword	f1-score	0.0
merged_train	Reference_point	lword	f1-score	0.0
merged_train	Reference_point	lword	f1-score	0.0
merged_train	Reference_point	lword	f1-score	0.0
merged_train	Reference_point	lword	f1-score	0.0
merged_train	SequenceVariant	lword	f1-score	0.0
merged_train	SequenceVariant	lword	f1-score	0.0
merged_train	SequenceVariant	lword	f1-score	0.0
merged_train	SequenceVariant	lword	f1-score	0.0
merged_train	SequenceVariant	lword	f1-score	0.0
merged_train	SpecificDisease	lword	f1-score	0.6877982276755283
merged_train	SpecificDisease	lword	f1-score	0.6726308813783963
merged_train	SpecificDisease	lword	f1-score	0.6785234899328859
merged_train	SpecificDisease	lword	f1-score	0.6754879259014225
merged_train	SpecificDisease	lword	f1-score	0.6958796599084369
merged_train	Subjective_judgement	lword	f1-score	0.0
merged_train	Subjective_judgement	lword	f1-score	0.0701754385964912
merged_train	Subjective_judgement	lword	f1-score	0.1018518518518518
merged_train	Subjective_judgement	lword	f1-score	0.0
merged_train	Subjective_judgement	lword	f1-score	0.0195121951219512
merged_train	Temporal	lword	f1-score	0.6969160768452983
merged_train	Temporal	lword	f1-score	0.7016554261189454
merged_train	Temporal	lword	f1-score	0.6898945744407302
merged_train	Temporal	lword	f1-score	0.7007627860447668
merged_train	Temporal	lword	f1-score	0.701692789968652
merged_train	Undefined_semantics	lword	f1-score	0.0
merged_train	Undefined_semantics	lword	f1-score	0.0
merged_train	Undefined_semantics	lword	f1-score	0.0176991150442477
merged_train	Undefined_semantics	lword	f1-score	0.0
merged_train	Undefined_semantics	lword	f1-score	0.0
merged_train	Value	lword	f1-score	0.7928874520105071
merged_train	Value	lword	f1-score	0.7964246258913328
merged_train	Value	lword	f1-score	0.788427515870538
merged_train	Value	lword	f1-score	0.7964108910891089
merged_train	Value	lword	f1-score	0.7928897917724733
merged_train	Visit	lword	f1-score	0.7516483516483516
merged_train	Visit	lword	f1-score	0.7288135593220338
merged_train	Visit	lword	f1-score	0.7645788336933045
merged_train	Visit	lword	f1-score	0.7515923566878981
merged_train	Visit	lword	f1-score	0.7256637168141593
merged_train	c-Requires_causality	lword	f1-score	0.0
merged_train	c-Requires_causality	lword	f1-score	0.0
merged_train	c-Requires_causality	lword	f1-score	0.0
merged_train	c-Requires_causality	lword	f1-score	0.0
merged_train	c-Requires_causality	lword	f1-score	0.0
