context	evaluation mode	evaluator_1	evaluator_2	p-value
test	seqeval-default	biobert-original-hypersearch-biobert-base-cased-v1.2-finetuned-ner	PICO-Reference	0.1733834224654676
test	seqeval-default	biobert-original-hypersearch-biobert-base-cased-v1.2-finetuned-ner	Experiment-1	6.597684361046822e-05
test	seqeval-default	biobert-original-hypersearch-biobert-base-cased-v1.2-finetuned-ner	Experiment-2	0.0085652944902068
test	seqeval-strict	biobert-original-hypersearch-biobert-base-cased-v1.2-finetuned-ner	PICO-Reference	0.5573275191970184
test	seqeval-strict	biobert-original-hypersearch-biobert-base-cased-v1.2-finetuned-ner	Experiment-1	2.939188989116168e-05
test	seqeval-strict	biobert-original-hypersearch-biobert-base-cased-v1.2-finetuned-ner	Experiment-2	0.0026602110667002
test	sk-without-prefix	biobert-original-hypersearch-biobert-base-cased-v1.2-finetuned-ner	PICO-Reference	0.0273541249643673
test	sk-without-prefix	biobert-original-hypersearch-biobert-base-cased-v1.2-finetuned-ner	Experiment-1	9.150707515858313e-06
test	sk-without-prefix	biobert-original-hypersearch-biobert-base-cased-v1.2-finetuned-ner	Experiment-2	5.974414002953624e-05