dataset	entity	number_entities	number_papers	number_annotations
pico_gold	intervention	26	1011	1067
pico_gold	condition	26	321	327
pico_gold	total-participants	26	847	1094
pico_gold	age	26	210	231
pico_gold	ethinicity	26	83	101
pico_gold	intervention-participants	26	674	887
pico_gold	control-participants	26	647	784
pico_gold	outcome-Measure	26	413	1081
pico_gold	iv-bin-abs	26	288	556
pico_gold	outcome	26	978	5053
pico_gold	cv-bin-abs	26	258	465
pico_gold	control	26	949	979
pico_gold	eligibility	26	864	925
pico_gold	cv-bin-percent	26	520	1148
pico_gold	iv-bin-percent	26	561	1376
pico_gold	iv-cont-median	26	140	270
pico_gold	cv-cont-median	26	133	247
pico_gold	location	26	168	186
pico_gold	iv-cont-q1	26	3	4
pico_gold	iv-cont-q3	26	3	4
pico_gold	cv-cont-q1	26	3	4
pico_gold	cv-cont-q3	26	3	4
pico_gold	iv-cont-mean	26	154	366
pico_gold	cv-cont-mean	26	154	327
pico_gold	iv-cont-sd	26	69	129
pico_gold	cv-cont-sd	26	67	124
bc5cdr	Disease	2	1497	12617
bc5cdr	Chemical	2	1499	15915
ncbi	DiseaseClass	4	430	1016
ncbi	SpecificDisease	4	740	3929
ncbi	CompositeMention	4	113	170
ncbi	Modifier	4	556	1766
biored	GeneOrGeneProduct	6	493	6697
biored	DiseaseOrPhenotypicFeature	6	579	5545
biored	ChemicalEntity	6	401	4429
biored	OrganismTaxon	6	531	2192
biored	SequenceVariant	6	247	1381
biored	CellLine	6	56	175
chiads	Condition	30	1699	12959
chiads	Procedure	30	1280	3770
chiads	Qualifier	30	1230	4281
chiads	Temporal	30	1115	3636
chiads	Observation	30	618	1327
chiads	Drug	30	906	3897
chiads	Measurement	30	1067	3426
chiads	Value	30	1331	4142
chiads	Multiplier	30	403	715
chiads	Device	30	168	414
chiads	Mood	30	414	626
chiads	Negation	30	507	843
chiads	Non-representable	30	200	305
chiads	Person	30	936	1669
chiads	Reference_point	30	437	936
chiads	Non-query-able	30	459	787
chiads	Competing_trial	30	88	96
chiads	Informed_consent	30	240	261
chiads	Visit	30	120	169
chiads	Line	30	21	100
chiads	Post-eligibility	30	331	485
chiads	Context_Error	30	79	146
chiads	Parsing_Error	30	108	608
chiads	Not_a_criteria	30	38	76
chiads	Subjective_judgement	30	115	242
chiads	Undefined_semantics	30	120	270
chiads	Pregnancy_considerations	30	157	190
chiads	Grammar_Error	30	58	83
chiads	c-Requires_causality	30	1	1
chiads	Intoxication_considerations	30	5	5
merged_train	Disease	40	896	7381
merged_train	Chemical	40	898	8985
merged_train	ChemicalEntity	40	334	3675
merged_train	DiseaseOrPhenotypicFeature	40	481	4628
merged_train	OrganismTaxon	40	439	1799
merged_train	CellLine	40	43	125
merged_train	GeneOrGeneProduct	40	412	5517
merged_train	SequenceVariant	40	202	1140
merged_train	DiseaseClass	40	372	890
merged_train	SpecificDisease	40	639	3340
merged_train	CompositeMention	40	98	145
merged_train	Modifier	40	476	1485
merged_train	Condition	40	1040	7880
merged_train	Procedure	40	763	2406
merged_train	Qualifier	40	727	2524
merged_train	Temporal	40	686	2309
merged_train	Observation	40	374	749
merged_train	Drug	40	528	2119
merged_train	Measurement	40	657	2162
merged_train	Value	40	812	2632
merged_train	Multiplier	40	247	458
merged_train	Device	40	101	276
merged_train	Mood	40	213	324
merged_train	Negation	40	324	553
merged_train	Non-representable	40	100	156
merged_train	Person	40	563	985
merged_train	Reference_point	40	283	628
merged_train	Non-query-able	40	304	541
merged_train	Competing_trial	40	48	54
merged_train	Informed_consent	40	144	156
merged_train	Visit	40	59	87
merged_train	Line	40	14	74
merged_train	Post-eligibility	40	244	368
merged_train	Context_Error	40	62	113
merged_train	Parsing_Error	40	83	492
merged_train	Not_a_criteria	40	31	68
merged_train	Subjective_judgement	40	99	220
merged_train	Undefined_semantics	40	98	222
merged_train	Pregnancy_considerations	40	97	119
merged_train	Grammar_Error	40	45	63
