Entity	Level	Metric	Dataset	Mean Dataset	Mean Merged	Best	p-value	diff (merged - ds)
Chemical	ltoken	mcc	bc5cdr	0.9001188125213229	0.61961048007414	individual	0.009023438818080326	-0.2805083324471829
Disease	ltoken	mcc	bc5cdr	0.9001188125213229	0.61961048007414	individual	0.009023438818080326	-0.2805083324471829
Chemical	ltoken	f1-score	bc5cdr	0.9779396705796467	0.915363351754831	individual	0.009023438818080326	-0.06257631882481574
Disease	ltoken	f1-score	bc5cdr	0.9628403147257105	0.9118721842998865	individual	0.009023438818080326	-0.05096813042582404
Chemical	lword	mcc	bc5cdr	0.8788404875400015	0.5696484548583202	individual	0.009023438818080326	-0.3091920326816814
Disease	lword	mcc	bc5cdr	0.8788404875400015	0.5696484548583202	individual	0.009023438818080326	-0.3091920326816814
Chemical	lword	f1-score	bc5cdr	0.9697610345984724	0.8976089334381466	individual	0.009023438818080326	-0.07215210116032578
Disease	lword	f1-score	bc5cdr	0.9579298177476929	0.8959553836960952	individual	0.009023438818080326	-0.06197443405159775
CompositeMention	ltoken	mcc	ncbi	0.7536141439546237	0.61961048007414	individual	0.009023438818080326	-0.13400366388048368
DiseaseClass	ltoken	mcc	ncbi	0.7536141439546237	0.61961048007414	individual	0.009023438818080326	-0.13400366388048368
Modifier	ltoken	mcc	ncbi	0.7536141439546237	0.61961048007414	individual	0.009023438818080326	-0.13400366388048368
SpecificDisease	ltoken	mcc	ncbi	0.7536141439546237	0.61961048007414	individual	0.009023438818080326	-0.13400366388048368
CompositeMention	ltoken	f1-score	ncbi	0.7973825256661223	0.5671403068175774	individual	0.009023438818080326	-0.2302422188485449
DiseaseClass	ltoken	f1-score	ncbi	0.6628737647862399	0.5803440863927838	individual	0.009023438818080326	-0.08252967839345615
Modifier	ltoken	f1-score	ncbi	0.9557008150846734	0.7383734545382818	individual	0.009023438818080326	-0.21732736054639157
SpecificDisease	ltoken	f1-score	ncbi	0.912334606442727	0.6838398030747355	individual	0.009023438818080326	-0.22849480336799155
CompositeMention	lword	mcc	ncbi	0.7741705976151488	0.5696484548583202	individual	0.009023438818080326	-0.20452214275682867
DiseaseClass	lword	mcc	ncbi	0.7741705976151488	0.5696484548583202	individual	0.009023438818080326	-0.20452214275682867
Modifier	lword	mcc	ncbi	0.7741705976151488	0.5696484548583202	individual	0.009023438818080326	-0.20452214275682867
SpecificDisease	lword	mcc	ncbi	0.7741705976151488	0.5696484548583202	individual	0.009023438818080326	-0.20452214275682867
CompositeMention	lword	f1-score	ncbi	0.837308683039453	0.6350180248901384	individual	0.009023438818080326	-0.20229065814931468
DiseaseClass	lword	f1-score	ncbi	0.6981293579306922	0.5862159358566611	individual	0.009023438818080326	-0.1119134220740311
Modifier	lword	f1-score	ncbi	0.956063172689783	0.7455998580073497	individual	0.009023438818080326	-0.2104633146824333
SpecificDisease	lword	f1-score	ncbi	0.9171855685929522	0.682064036959334	individual	0.009023438818080326	-0.23512153163361815
CellLine	ltoken	mcc	biored	0.9241876913045715	0.61961048007414	individual	0.009023438818080326	-0.30457721123043147
ChemicalEntity	ltoken	mcc	biored	0.9241876913045715	0.61961048007414	individual	0.009023438818080326	-0.30457721123043147
DiseaseOrPhenotypicFeature	ltoken	mcc	biored	0.9241876913045715	0.61961048007414	individual	0.009023438818080326	-0.30457721123043147
GeneOrGeneProduct	ltoken	mcc	biored	0.9241876913045715	0.61961048007414	individual	0.009023438818080326	-0.30457721123043147
OrganismTaxon	ltoken	mcc	biored	0.9241876913045715	0.61961048007414	individual	0.009023438818080326	-0.30457721123043147
SequenceVariant	ltoken	mcc	biored	0.9241876913045715	0.61961048007414	individual	0.009023438818080326	-0.30457721123043147
CellLine	ltoken	f1-score	biored	0.9971563981042653	0.0	individual	0.009023438818080326	-0.9971563981042653
ChemicalEntity	ltoken	f1-score	biored	0.952817635806223	0.01837231171686864	individual	0.009023438818080326	-0.9344453240893544
DiseaseOrPhenotypicFeature	ltoken	f1-score	biored	0.9568260903323843	0.00201599265812426	individual	0.009023438818080326	-0.9548100976742601
GeneOrGeneProduct	ltoken	f1-score	biored	0.9687355558409723	0.006197092951073	individual	0.009023438818080326	-0.9625384628898993
OrganismTaxon	ltoken	f1-score	biored	0.9813628528533098	0.0	individual	0.009023438818080326	-0.9813628528533098
SequenceVariant	ltoken	f1-score	biored	0.9568551029649477	0.0	individual	0.009023438818080326	-0.9568551029649477
CellLine	lword	mcc	biored	0.9102402992220566	0.5696484548583202	individual	0.009023438818080326	-0.34059184436373646
ChemicalEntity	lword	mcc	biored	0.9102402992220566	0.5696484548583202	individual	0.009023438818080326	-0.34059184436373646
DiseaseOrPhenotypicFeature	lword	mcc	biored	0.9102402992220566	0.5696484548583202	individual	0.009023438818080326	-0.34059184436373646
GeneOrGeneProduct	lword	mcc	biored	0.9102402992220566	0.5696484548583202	individual	0.009023438818080326	-0.34059184436373646
OrganismTaxon	lword	mcc	biored	0.9102402992220566	0.5696484548583202	individual	0.009023438818080326	-0.34059184436373646
SequenceVariant	lword	mcc	biored	0.9102402992220566	0.5696484548583202	individual	0.009023438818080326	-0.34059184436373646
CellLine	lword	f1-score	biored	0.9978494623655914	0.0	individual	0.009023438818080326	-0.9978494623655914
ChemicalEntity	lword	f1-score	biored	0.9520967467283429	0.04320525493563926	individual	0.009023438818080326	-0.9088914917927036
DiseaseOrPhenotypicFeature	lword	f1-score	biored	0.9461856194237731	0.00245807997934954	individual	0.009023438818080326	-0.9437275394444236
GeneOrGeneProduct	lword	f1-score	biored	0.9649448024557824	0.00847998153943524	individual	0.009023438818080326	-0.9564648209163472
OrganismTaxon	lword	f1-score	biored	0.990250832825817	0.0	individual	0.009023438818080326	-0.990250832825817
SequenceVariant	lword	f1-score	biored	0.9425526070087266	0.0	individual	0.009023438818080326	-0.9425526070087266
Competing_trial	ltoken	mcc	chiads	0.5876283370275484	0.61961048007414	merged_train	0.009023438818080326	0.03198214304659164
Condition	ltoken	mcc	chiads	0.5876283370275484	0.61961048007414	merged_train	0.009023438818080326	0.03198214304659164
Context_Error	ltoken	mcc	chiads	nan	0.61961048007414	merged_train	nan	nan
Device	ltoken	mcc	chiads	0.5876283370275484	0.61961048007414	merged_train	0.009023438818080326	0.03198214304659164
Drug	ltoken	mcc	chiads	0.5876283370275484	0.61961048007414	merged_train	0.009023438818080326	0.03198214304659164
Grammar_Error	ltoken	mcc	chiads	0.5876283370275484	0.61961048007414	merged_train	0.009023438818080326	0.03198214304659164
Informed_consent	ltoken	mcc	chiads	0.5876283370275484	0.61961048007414	merged_train	0.009023438818080326	0.03198214304659164
Intoxication_considerations	ltoken	mcc	chiads	nan	0.61961048007414	merged_train	nan	nan
Line	ltoken	mcc	chiads	0.5876283370275484	0.61961048007414	merged_train	0.009023438818080326	0.03198214304659164
Measurement	ltoken	mcc	chiads	0.5876283370275484	0.61961048007414	merged_train	0.009023438818080326	0.03198214304659164
Mood	ltoken	mcc	chiads	0.5876283370275484	0.61961048007414	merged_train	0.009023438818080326	0.03198214304659164
Multiplier	ltoken	mcc	chiads	0.5876283370275484	0.61961048007414	merged_train	0.009023438818080326	0.03198214304659164
Negation	ltoken	mcc	chiads	0.5876283370275484	0.61961048007414	merged_train	0.009023438818080326	0.03198214304659164
Non-query-able	ltoken	mcc	chiads	0.5876283370275484	0.61961048007414	merged_train	0.009023438818080326	0.03198214304659164
Non-representable	ltoken	mcc	chiads	0.5876283370275484	0.61961048007414	merged_train	0.009023438818080326	0.03198214304659164
Not_a_criteria	ltoken	mcc	chiads	0.5876283370275484	0.61961048007414	merged_train	0.009023438818080326	0.03198214304659164
Observation	ltoken	mcc	chiads	0.5876283370275484	0.61961048007414	merged_train	0.009023438818080326	0.03198214304659164
Parsing_Error	ltoken	mcc	chiads	0.5876283370275484	0.61961048007414	merged_train	0.009023438818080326	0.03198214304659164
Person	ltoken	mcc	chiads	0.5876283370275484	0.61961048007414	merged_train	0.009023438818080326	0.03198214304659164
Post-eligibility	ltoken	mcc	chiads	0.5876283370275484	0.61961048007414	merged_train	0.009023438818080326	0.03198214304659164
Pregnancy_considerations	ltoken	mcc	chiads	0.5876283370275484	0.61961048007414	merged_train	0.009023438818080326	0.03198214304659164
Procedure	ltoken	mcc	chiads	0.5876283370275484	0.61961048007414	merged_train	0.009023438818080326	0.03198214304659164
Qualifier	ltoken	mcc	chiads	0.5876283370275484	0.61961048007414	merged_train	0.009023438818080326	0.03198214304659164
Reference_point	ltoken	mcc	chiads	0.5876283370275484	0.61961048007414	merged_train	0.009023438818080326	0.03198214304659164
Subjective_judgement	ltoken	mcc	chiads	0.5876283370275484	0.61961048007414	merged_train	0.009023438818080326	0.03198214304659164
Temporal	ltoken	mcc	chiads	0.5876283370275484	0.61961048007414	merged_train	0.009023438818080326	0.03198214304659164
Undefined_semantics	ltoken	mcc	chiads	0.5876283370275484	0.61961048007414	merged_train	0.009023438818080326	0.03198214304659164
Value	ltoken	mcc	chiads	0.5876283370275484	0.61961048007414	merged_train	0.009023438818080326	0.03198214304659164
Visit	ltoken	mcc	chiads	0.5876283370275484	0.61961048007414	merged_train	0.009023438818080326	0.03198214304659164
Competing_trial	ltoken	f1-score	chiads	0.49467358138071393	0.3209151149054349	individual	0.028280122568276955	-0.17375846647527904
Condition	ltoken	f1-score	chiads	0.8140290030504509	0.8042059364998575	individual	0.04720176769014221	-0.009823066550593396
Context_Error	ltoken	f1-score	chiads	nan	0.01649774774774772	merged_train	nan	nan
Device	ltoken	f1-score	chiads	0.8048586252024664	0.5682849386475481	individual	0.009023438818080326	-0.23657368655491828
Drug	ltoken	f1-score	chiads	0.81441951519331	0.8001767147101774	individual	0.016293603621028527	-0.014242800483132645
Grammar_Error	ltoken	f1-score	chiads	0.0	0.025	merged_train	0.6015081344405899	0.025
Informed_consent	ltoken	f1-score	chiads	0.4960606934342569	0.5440375409228655	merged_train	0.07580017458236125	0.04797684748860859
Intoxication_considerations	ltoken	f1-score	chiads	nan	0.0	merged_train	nan	nan
Line	ltoken	f1-score	chiads	0.08027086744000625	0.010433111001077659	individual	0.016293603621028527	-0.06983775643892859
Measurement	ltoken	f1-score	chiads	0.7760705457048269	0.7361083159940915	individual	0.009023438818080326	-0.039962229710735375
Mood	ltoken	f1-score	chiads	0.41432124532040226	0.3517810670376992	individual	0.016293603621028527	-0.06254017828270308
Multiplier	ltoken	f1-score	chiads	0.47007835432793454	0.46817918696954797	individual	0.25059205068568424	-0.0018991673583865776
Negation	ltoken	f1-score	chiads	0.5795096017764474	0.43145647879954935	individual	0.009023438818080326	-0.14805312297689804
Non-query-able	ltoken	f1-score	chiads	0.3134245059513041	0.27358100622273723	individual	0.07580017458236125	-0.03984349972856688
Non-representable	ltoken	f1-score	chiads	0.17173283958166205	0.07604530874878421	individual	0.009023438818080326	-0.09568753083287784
Not_a_criteria	ltoken	f1-score	chiads	0.0	0.0	merged_train	1.0	0.0
Observation	ltoken	f1-score	chiads	0.24797012574791105	0.26882119523385817	merged_train	0.17452534056858338	0.020851069485947116
Parsing_Error	ltoken	f1-score	chiads	0.24570626256855857	0.4548452097889403	merged_train	0.009023438818080326	0.2091389472203817
Person	ltoken	f1-score	chiads	0.7102966739788299	0.6325763640397296	individual	0.009023438818080326	-0.07772030993910028
Post-eligibility	ltoken	f1-score	chiads	0.37488770743924876	0.31091793312376	individual	0.016293603621028527	-0.06396977431548878
Pregnancy_considerations	ltoken	f1-score	chiads	0.40057925969026353	0.5118543997396579	merged_train	0.009023438818080326	0.11127514004939432
Procedure	ltoken	f1-score	chiads	0.6786822982234092	0.6666660132945641	individual	0.028280122568276955	-0.0120162849288451
Qualifier	ltoken	f1-score	chiads	0.4742523189087603	0.43553970197274783	individual	0.016293603621028527	-0.03871261693601247
Reference_point	ltoken	f1-score	chiads	0.0	0.0	merged_train	1.0	0.0
Subjective_judgement	ltoken	f1-score	chiads	0.07880449487384666	0.035534254992319506	individual	0.34720763934942456	-0.04327023988152716
Temporal	ltoken	f1-score	chiads	0.7208143132837926	0.6715899866105524	individual	0.009023438818080326	-0.04922432667324028
Undefined_semantics	ltoken	f1-score	chiads	0.0	0.00509554140127388	merged_train	0.6015081344405899	0.00509554140127388
Value	ltoken	f1-score	chiads	0.811499757213585	0.7795132861523661	individual	0.009023438818080326	-0.03198647106121888
Visit	ltoken	f1-score	chiads	0.6263888777920296	0.75225461982142	merged_train	0.009023438818080326	0.12586574202939038
Competing_trial	lword	mcc	chiads	0.5552839504230149	0.5696484548583202	merged_train	0.009023438818080326	0.014364504435305236
Condition	lword	mcc	chiads	0.5552839504230149	0.5696484548583202	merged_train	0.009023438818080326	0.014364504435305236
Context_Error	lword	mcc	chiads	nan	0.5696484548583202	merged_train	nan	nan
Device	lword	mcc	chiads	0.5552839504230149	0.5696484548583202	merged_train	0.009023438818080326	0.014364504435305236
Drug	lword	mcc	chiads	0.5552839504230149	0.5696484548583202	merged_train	0.009023438818080326	0.014364504435305236
Grammar_Error	lword	mcc	chiads	0.5552839504230149	0.5696484548583202	merged_train	0.009023438818080326	0.014364504435305236
Informed_consent	lword	mcc	chiads	0.5552839504230149	0.5696484548583202	merged_train	0.009023438818080326	0.014364504435305236
Intoxication_considerations	lword	mcc	chiads	nan	0.5696484548583202	merged_train	nan	nan
Line	lword	mcc	chiads	0.5552839504230149	0.5696484548583202	merged_train	0.009023438818080326	0.014364504435305236
Measurement	lword	mcc	chiads	0.5552839504230149	0.5696484548583202	merged_train	0.009023438818080326	0.014364504435305236
Mood	lword	mcc	chiads	0.5552839504230149	0.5696484548583202	merged_train	0.009023438818080326	0.014364504435305236
Multiplier	lword	mcc	chiads	0.5552839504230149	0.5696484548583202	merged_train	0.009023438818080326	0.014364504435305236
Negation	lword	mcc	chiads	0.5552839504230149	0.5696484548583202	merged_train	0.009023438818080326	0.014364504435305236
Non-query-able	lword	mcc	chiads	0.5552839504230149	0.5696484548583202	merged_train	0.009023438818080326	0.014364504435305236
Non-representable	lword	mcc	chiads	0.5552839504230149	0.5696484548583202	merged_train	0.009023438818080326	0.014364504435305236
Not_a_criteria	lword	mcc	chiads	0.5552839504230149	0.5696484548583202	merged_train	0.009023438818080326	0.014364504435305236
Observation	lword	mcc	chiads	0.5552839504230149	0.5696484548583202	merged_train	0.009023438818080326	0.014364504435305236
Parsing_Error	lword	mcc	chiads	0.5552839504230149	0.5696484548583202	merged_train	0.009023438818080326	0.014364504435305236
Person	lword	mcc	chiads	0.5552839504230149	0.5696484548583202	merged_train	0.009023438818080326	0.014364504435305236
Post-eligibility	lword	mcc	chiads	0.5552839504230149	0.5696484548583202	merged_train	0.009023438818080326	0.014364504435305236
Pregnancy_considerations	lword	mcc	chiads	0.5552839504230149	0.5696484548583202	merged_train	0.009023438818080326	0.014364504435305236
Procedure	lword	mcc	chiads	0.5552839504230149	0.5696484548583202	merged_train	0.009023438818080326	0.014364504435305236
Qualifier	lword	mcc	chiads	0.5552839504230149	0.5696484548583202	merged_train	0.009023438818080326	0.014364504435305236
Reference_point	lword	mcc	chiads	0.5552839504230149	0.5696484548583202	merged_train	0.009023438818080326	0.014364504435305236
Subjective_judgement	lword	mcc	chiads	0.5552839504230149	0.5696484548583202	merged_train	0.009023438818080326	0.014364504435305236
Temporal	lword	mcc	chiads	0.5552839504230149	0.5696484548583202	merged_train	0.009023438818080326	0.014364504435305236
Undefined_semantics	lword	mcc	chiads	0.5552839504230149	0.5696484548583202	merged_train	0.009023438818080326	0.014364504435305236
Value	lword	mcc	chiads	0.5552839504230149	0.5696484548583202	merged_train	0.009023438818080326	0.014364504435305236
Visit	lword	mcc	chiads	0.5552839504230149	0.5696484548583202	merged_train	0.009023438818080326	0.014364504435305236
Competing_trial	lword	f1-score	chiads	0.46826724193603064	0.32471314951892477	individual	0.028280122568276955	-0.14355409241710587
Condition	lword	f1-score	chiads	0.7853306001437763	0.7780889029508551	individual	0.17452534056858338	-0.007241697192921226
Context_Error	lword	f1-score	chiads	nan	0.01744239783455468	merged_train	nan	nan
Device	lword	f1-score	chiads	0.7935229445273213	0.5614842721611228	individual	0.009023438818080326	-0.23203867236619846
Drug	lword	f1-score	chiads	0.7665451020271563	0.7494026993804326	individual	0.028280122568276955	-0.01714240264672373
Grammar_Error	lword	f1-score	chiads	0.0	0.02666666666666666	merged_train	0.6015081344405899	0.02666666666666666
Informed_consent	lword	f1-score	chiads	0.5005892379585848	0.5485062854539068	merged_train	0.07580017458236125	0.047917047495321996
Intoxication_considerations	lword	f1-score	chiads	nan	0.0	merged_train	nan	nan
Line	lword	f1-score	chiads	0.07765321258030397	0.00939040391503242	individual	0.016293603621028527	-0.06826280866527155
Measurement	lword	f1-score	chiads	0.7561651678332633	0.7168608161108309	individual	0.009023438818080326	-0.03930435172243241
Mood	lword	f1-score	chiads	0.44216778748485847	0.36607778512578193	individual	0.016293603621028527	-0.07609000235907654
Multiplier	lword	f1-score	chiads	0.506126606885475	0.48527178921487657	individual	0.04720176769014221	-0.02085481767059838
Negation	lword	f1-score	chiads	0.600281503023753	0.46728451501048013	individual	0.009023438818080326	-0.13299698801327292
Non-query-able	lword	f1-score	chiads	0.3142646457848582	0.27974041672185834	individual	0.17452534056858338	-0.034524229062999845
Non-representable	lword	f1-score	chiads	0.1771244570248321	0.0802627363867228	individual	0.009023438818080326	-0.0968617206381093
Not_a_criteria	lword	f1-score	chiads	0.0	0.0	merged_train	1.0	0.0
Observation	lword	f1-score	chiads	0.25280182770637294	0.2655204776770689	merged_train	0.34720763934942456	0.012718649970695939
Parsing_Error	lword	f1-score	chiads	0.29710746088121454	0.4725003478231722	merged_train	0.016293603621028527	0.17539288694195765
Person	lword	f1-score	chiads	0.7368682657201961	0.658620494596379	individual	0.009023438818080326	-0.0782477711238172
Post-eligibility	lword	f1-score	chiads	0.3815509022881446	0.32000514768228056	individual	0.016293603621028527	-0.061545754605864034
Pregnancy_considerations	lword	f1-score	chiads	0.4086005190342726	0.5265887503454401	merged_train	0.009023438818080326	0.11798823131116748
Procedure	lword	f1-score	chiads	0.6630205936929908	0.6404609168262232	individual	0.016293603621028527	-0.02255967686676763
Qualifier	lword	f1-score	chiads	0.4595197780974406	0.4200206561419321	individual	0.009023438818080326	-0.039499121955508476
Reference_point	lword	f1-score	chiads	0.0	0.0	merged_train	1.0	0.0
Subjective_judgement	lword	f1-score	chiads	0.08867885704592612	0.03830789711405884	individual	0.34720763934942456	-0.050370959931867285
Temporal	lword	f1-score	chiads	0.7454207438260695	0.6981843306836785	individual	0.009023438818080326	-0.04723641314239102
Undefined_semantics	lword	f1-score	chiads	0.0	0.00353982300884954	merged_train	0.6015081344405899	0.00353982300884954
Value	lword	f1-score	chiads	0.8124592202246548	0.793408055326792	individual	0.009023438818080326	-0.019051164897862738
Visit	lword	f1-score	chiads	0.5974476681710724	0.7444593636331494	merged_train	0.009023438818080326	0.14701169546207693
